"","Loc","Type","z"
"CME25A7812760Aligned.sortedByCoord.out.bam","P1_E15B_207_AV","ExMes_CS5",1
"CME25A7812757Aligned.sortedByCoord.out.bam","P1_E15B_207_AS","Tb_CS5",1
"CME25A7812756Aligned.sortedByCoord.out.bam","P1_E15B_207_AR","Tb_CS5",1
"CME25A7812753Aligned.sortedByCoord.out.bam","P1_E15B_207_AO","Tb_CS5",1
"CME25A7812750Aligned.sortedByCoord.out.bam","P1_E15B_207_AL","Tb_CS5",1
"CME25A7812751Aligned.sortedByCoord.out.bam","P1_E15B_207_AM","Tb_CS5",1
"CME25A7812752Aligned.sortedByCoord.out.bam","P1_E15B_207_AN","Tb_CS5",1
"CME25A7812748Aligned.sortedByCoord.out.bam","P1_E15B_207_AJ","Tb_CS5",1
"CME25A7812715Aligned.sortedByCoord.out.bam","P1_E15B_207_C","VE_CS5",1
"CME25A7812737Aligned.sortedByCoord.out.bam","P1_E15B_207_Y","Tb_CS5",1
"CME25A7812724Aligned.sortedByCoord.out.bam","P1_E15B_207_L","EmDisc_CS5",1
"CME25A7812730Aligned.sortedByCoord.out.bam","P1_E15B_207_R","SYS_CS5",1
"CME25A7812729Aligned.sortedByCoord.out.bam","P1_E15B_207_Q","SYS_CS5",1
"CME25A7812727Aligned.sortedByCoord.out.bam","P1_E15B_207_O","ExMes_CS5",1
"CME25A7812716Aligned.sortedByCoord.out.bam","P1_E15B_207_D","VE_CS5",1
"CME25A7812722Aligned.sortedByCoord.out.bam","P1_E15B_207_J","EmDisc_CS5",1
"CME25A7812723Aligned.sortedByCoord.out.bam","P1_E15B_207_K","EmDisc_CS5",1
"CME25A7812714Aligned.sortedByCoord.out.bam","P1_E15B_207_B","VE_CS5",1
"CME25A7812718Aligned.sortedByCoord.out.bam","P1_E15B_207_F","VE_CS5",1
"CME25A7812720Aligned.sortedByCoord.out.bam","P1_E15B_207_H","EmDisc_CS5",1
"CME25A7812721Aligned.sortedByCoord.out.bam","P1_E15B_207_I","EmDisc_CS5",1
"CME25A7812719Aligned.sortedByCoord.out.bam","P1_E15B_207_G","EmDisc_CS5",1
"CME25A7812705Aligned.sortedByCoord.out.bam","P1_E15B_193_AN","Tb_CS5",1
"CME25A7812708Aligned.sortedByCoord.out.bam","P1_E15B_193_AQ","Tb_CS5",1
"CME25A7812701Aligned.sortedByCoord.out.bam","P1_E15B_193_AJ","Tb_CS5",1
"CME25A7812704Aligned.sortedByCoord.out.bam","P1_E15B_193_AM","Tb_CS5",1
"CME25A7812702Aligned.sortedByCoord.out.bam","P1_E15B_193_AK","Tb_CS5",1
"CME25A7812700Aligned.sortedByCoord.out.bam","P1_E15B_193_AI","Tb_CS5",1
"CME25A7812695Aligned.sortedByCoord.out.bam","P1_E15B_193_AD","ExMes_CS5",1
"CME25A7812697Aligned.sortedByCoord.out.bam","P1_E15B_193_AF","Tb_CS5",1
"CME25A7812694Aligned.sortedByCoord.out.bam","P1_E15B_193_AC","Tb_CS5",1
"CME25A7812689Aligned.sortedByCoord.out.bam","P1_E15B_193_X","VE_CS5",1
"CME25A7812691Aligned.sortedByCoord.out.bam","P1_E15B_193_Z","Am_CS5",1
"CME25A7812687Aligned.sortedByCoord.out.bam","P1_E15B_193_V","EmDisc_CS5",1
"CME25A7812686Aligned.sortedByCoord.out.bam","P1_E15B_193_U","EmDisc_CS5",1
"CME25A7812680Aligned.sortedByCoord.out.bam","P1_E15B_193_O","Am_CS5_PGC",1
"CME25A7812685Aligned.sortedByCoord.out.bam","P1_E15B_193_T","Tb_CS5",1
"CME25A7812681Aligned.sortedByCoord.out.bam","P1_E15B_193_P","Am_CS5",1
"CME25A7812672Aligned.sortedByCoord.out.bam","P1_E15B_193_G","EmDisc_CS5",1
"CME25A7812679Aligned.sortedByCoord.out.bam","P1_E15B_193_N","Am_CS5",1
"CME25A7812676Aligned.sortedByCoord.out.bam","P1_E15B_193_K","SYS_CS5",1
"CME25A7812670Aligned.sortedByCoord.out.bam","P1_E15B_193_E","Tb_CS5",1
"CME25A7812673Aligned.sortedByCoord.out.bam","P1_E15B_193_H","Tb_CS5",1
"CME25A7812668Aligned.sortedByCoord.out.bam","P1_E15B_193_C","Tb_CS5",1
"CME25A7812667Aligned.sortedByCoord.out.bam","P1_E15B_193_B","Tb_CS5",1
"CME25A7851601Aligned.sortedByCoord.out.bam","P2_E15B_213_E","VE_CS5",1
"CME25A7851560Aligned.sortedByCoord.out.bam","P2_E15B_204_AK","ExMes_CS5",1
"CME25A7851628Aligned.sortedByCoord.out.bam","P2_E15B_213_AR","Tb_CS5",1
"CME25A7851635Aligned.sortedByCoord.out.bam","P2_E15B_213_AG","Tb_CS5",1
"CME25A7851567Aligned.sortedByCoord.out.bam","P2_E15B_204_Z","EmDisc_CS5",1
"CME25A7851595Aligned.sortedByCoord.out.bam","P2_E15B_213_AB","Tb_CS5",1
"CME25A7851644Aligned.sortedByCoord.out.bam","P2_E15B_213_AT","Tb_CS5",1
"CME25A7851597Aligned.sortedByCoord.out.bam","P2_E15B_204_F","EmDisc_CS5",1
"CME25A7851583Aligned.sortedByCoord.out.bam","P2_E15B_204_AB","EmDisc_CS5",1
"CME25A7851587Aligned.sortedByCoord.out.bam","P2_E15B_213_AA","Tb_CS5",1
"CME25A7851602Aligned.sortedByCoord.out.bam","P2_E15B_213_Q","EmDisc_CS5",1
"CME25A7851648Aligned.sortedByCoord.out.bam","P2_E15B_204_AV","SYS_CS5",1
"CME25A7851568Aligned.sortedByCoord.out.bam","P2_E15B_204_AL","Tb_CS5",1
"CME25A7851569Aligned.sortedByCoord.out.bam","P2_E15B_213_A","VE_CS5",1
"CME25A7851574Aligned.sortedByCoord.out.bam","P2_E15B_204_O","Tb_CS5",1
"CME25A7851640Aligned.sortedByCoord.out.bam","P2_E15B_204_AU","ExMes_CS5",1
"CME25A7851586Aligned.sortedByCoord.out.bam","P2_E15B_213_O","EmDisc_CS5",1
"CME25A7851631Aligned.sortedByCoord.out.bam","P2_E15B_204_AH","Tb_CS5",1
"CME25A7851613Aligned.sortedByCoord.out.bam","P2_E15B_204_H","SYS_CS5",1
"CME25A7851637Aligned.sortedByCoord.out.bam","P2_E15B_204_K","VE_CS5",1
"CME25A7851594Aligned.sortedByCoord.out.bam","P2_E15B_213_P","EmDisc_CS5",1
"CME25A7851572Aligned.sortedByCoord.out.bam","P2_E15B_213_AK","Tb_CS5",1
"CME25A7851623Aligned.sortedByCoord.out.bam","P2_E15B_204_AG","Tb_CS5",1
"CME25A7851589Aligned.sortedByCoord.out.bam","P2_E15B_204_E","EmDisc_CS5",1
"CME25A7851606Aligned.sortedByCoord.out.bam","P2_E15B_204_S","ExMes_CS5",1
"CME25A7851617Aligned.sortedByCoord.out.bam","P2_E15B_213_G","VE_CS5",1
"CME25A7851558Aligned.sortedByCoord.out.bam","P2_E15B_204_M","Tb_CS5",1
"CME25A7851557Aligned.sortedByCoord.out.bam","P2_E15B_204_A","VE_CS5",1
"CME25A7851643Aligned.sortedByCoord.out.bam","P2_E15B_213_AH","Tb_CS5",1
"CME25A7851605Aligned.sortedByCoord.out.bam","P2_E15B_204_G","EmDisc_CS5",1
"CME25A7851609Aligned.sortedByCoord.out.bam","P2_E15B_213_F","VE_CS5",1
"CME25A7851561Aligned.sortedByCoord.out.bam","P2_E15B_210_A","EmDisc_CS5",1
"CME25A7851632Aligned.sortedByCoord.out.bam","P2_E15B_204_AT","ExMes_CS5",1
"CME25A7851646Aligned.sortedByCoord.out.bam","P2_E15B_204_X","EmDisc_CS5",1
"CME25A7851645Aligned.sortedByCoord.out.bam","P2_E15B_204_L","EmDisc_CS5",1
"CME25A7851581Aligned.sortedByCoord.out.bam","P2_E15B_204_D","EmDisc_CS5",1
"CME25A7851638Aligned.sortedByCoord.out.bam","P2_E15B_204_W","Am_CS5",1
"CME25A7851565Aligned.sortedByCoord.out.bam","P2_E15B_204_B","EmDisc_CS5",1
"CME25A7851620Aligned.sortedByCoord.out.bam","P2_E15B_213_AQ","Tb_CS5",1
"CME25A7851564Aligned.sortedByCoord.out.bam","P2_E15B_213_AJ","Tb_CS5",1
"CME25A7851636Aligned.sortedByCoord.out.bam","P2_E15B_213_AS","Tb_CS5",1
"CME25A7851570Aligned.sortedByCoord.out.bam","P2_E15B_213_M","VE_CS5",1
"ERR2851738Aligned.sortedByCoord.out.bam","E-MTAB-7078:CompactedMorula_1_C1","cMor_CS2",1
"ERR2851739Aligned.sortedByCoord.out.bam","E-MTAB-7078:CompactedMorula_1_C2","cMor_CS2",1
"ERR2851740Aligned.sortedByCoord.out.bam","E-MTAB-7078:CompactedMorula_1_C4","cMor_CS2",1
"ERR2851741Aligned.sortedByCoord.out.bam","E-MTAB-7078:CompactedMorula_1_C5","cMor_CS2",1
"ERR2851742Aligned.sortedByCoord.out.bam","E-MTAB-7078:CompactedMorula_1_C6","cMor_CS2",1
"ERR2851743Aligned.sortedByCoord.out.bam","E-MTAB-7078:CompactedMorula_1_C7","cMor_CS2",1
"ERR2851744Aligned.sortedByCoord.out.bam","E-MTAB-7078:CompactedMorula_1_C8","cMor_CS2",1
"ERR2851745Aligned.sortedByCoord.out.bam","E-MTAB-7078:CompactedMorula_1_C9","cMor_CS2",1
"ERR2851746Aligned.sortedByCoord.out.bam","E-MTAB-7078:CompactedMorula_1_C10","cMor_CS2",1
"ERR2851747Aligned.sortedByCoord.out.bam","E-MTAB-7078:CompactedMorula_1_C11","cMor_CS2",1
"ERR2851748Aligned.sortedByCoord.out.bam","E-MTAB-7078:CompactedMorula_1_C12","cMor_CS2",1
"ERR2851749Aligned.sortedByCoord.out.bam","E-MTAB-7078:CompactedMorula_1_C13","cMor_CS2",1
"ERR2851750Aligned.sortedByCoord.out.bam","E-MTAB-7078:CompactedMorula_1_C14","cMor_CS2",1
"ERR2851751Aligned.sortedByCoord.out.bam","E-MTAB-7078:CompactedMorula_1_C15","cMor_CS2",1
"ERR2851752Aligned.sortedByCoord.out.bam","E-MTAB-7078:CompactedMorula_1_C16","cMor_CS2",1
"ERR2851753Aligned.sortedByCoord.out.bam","E-MTAB-7078:CompactedMorula_1_C17","cMor_CS2",1
"ERR2851754Aligned.sortedByCoord.out.bam","E-MTAB-7078:CompactedMorula_1_C18","cMor_CS2",1
"ERR2851755Aligned.sortedByCoord.out.bam","E-MTAB-7078:CompactedMorula_1_C19","cMor_CS2",1
"ERR2851756Aligned.sortedByCoord.out.bam","E-MTAB-7078:CompactedMorula_1_C20","cMor_CS2",1
"ERR2851757Aligned.sortedByCoord.out.bam","E-MTAB-7078:CompactedMorula_1_C22","cMor_CS2",1
"ERR2851758Aligned.sortedByCoord.out.bam","E-MTAB-7078:CompactedMorula_1_C23","cMor_CS2",1
"ERR2851759Aligned.sortedByCoord.out.bam","E-MTAB-7078:CompactedMorula_1_C24","cMor_CS2",1
"ERR2851760Aligned.sortedByCoord.out.bam","E-MTAB-7078:CompactedMorula_2_C1","cMor_CS2",1
"ERR2851761Aligned.sortedByCoord.out.bam","E-MTAB-7078:CompactedMorula_2_C2","cMor_CS2",1
"ERR2851762Aligned.sortedByCoord.out.bam","E-MTAB-7078:CompactedMorula_2_C3","cMor_CS2",1
"ERR2851763Aligned.sortedByCoord.out.bam","E-MTAB-7078:CompactedMorula_2_C4","cMor_CS2",1
"ERR2851764Aligned.sortedByCoord.out.bam","E-MTAB-7078:CompactedMorula_2_C5","cMor_CS2",1
"ERR2851765Aligned.sortedByCoord.out.bam","E-MTAB-7078:CompactedMorula_2_C6","cMor_CS2",1
"ERR2851766Aligned.sortedByCoord.out.bam","E-MTAB-7078:CompactedMorula_2_C7","cMor_CS2",1
"ERR2851767Aligned.sortedByCoord.out.bam","E-MTAB-7078:CompactedMorula_2_C8","cMor_CS2",1
"ERR2851768Aligned.sortedByCoord.out.bam","E-MTAB-7078:CompactedMorula_2_C9","cMor_CS2",1
"ERR2851769Aligned.sortedByCoord.out.bam","E-MTAB-7078:CompactedMorula_2_C10","cMor_CS2",1
"ERR2851770Aligned.sortedByCoord.out.bam","E-MTAB-7078:CompactedMorula_3_C1","cMor_CS2",1
"ERR2851771Aligned.sortedByCoord.out.bam","E-MTAB-7078:CompactedMorula_3_C2","cMor_CS2",1
"ERR2851772Aligned.sortedByCoord.out.bam","E-MTAB-7078:CompactedMorula_3_C3","cMor_CS2",1
"ERR2851773Aligned.sortedByCoord.out.bam","E-MTAB-7078:CompactedMorula_3_C4","cMor_CS2",1
"ERR2851774Aligned.sortedByCoord.out.bam","E-MTAB-7078:CompactedMorula_3_C5","cMor_CS2",1
"ERR2851775Aligned.sortedByCoord.out.bam","E-MTAB-7078:CompactedMorula_3_C6","cMor_CS2",1
"ERR2851776Aligned.sortedByCoord.out.bam","E-MTAB-7078:CompactedMorula_3_C7","cMor_CS2",1
"ERR2851777Aligned.sortedByCoord.out.bam","E-MTAB-7078:CompactedMorula_3_C8","cMor_CS2",1
"ERR2851778Aligned.sortedByCoord.out.bam","E-MTAB-7078:CompactedMorula_3_C9","cMor_CS2",1
"ERR2851779Aligned.sortedByCoord.out.bam","E-MTAB-7078:CompactedMorula_3_C10","cMor_CS2",1
"ERR2851780Aligned.sortedByCoord.out.bam","E-MTAB-7078:CompactedMorula_3_C11","cMor_CS2",1
"ERR2851781Aligned.sortedByCoord.out.bam","E-MTAB-7078:CompactedMorula_3_C12","cMor_CS2",1
"ERR2851782Aligned.sortedByCoord.out.bam","E-MTAB-7078:CompactedMorula_3_C13","cMor_CS2",1
"ERR2851783Aligned.sortedByCoord.out.bam","E-MTAB-7078:CompactedMorula_3_C14","cMor_CS2",1
"ERR2851784Aligned.sortedByCoord.out.bam","E-MTAB-7078:CompactedMorula_3_C15","cMor_CS2",1
"ERR2851785Aligned.sortedByCoord.out.bam","E-MTAB-7078:CompactedMorula_3_C16","cMor_CS2",1
"ERR2851786Aligned.sortedByCoord.out.bam","E-MTAB-7078:CompactedMorula_3_C17","cMor_CS2",1
"ERR2851787Aligned.sortedByCoord.out.bam","E-MTAB-7078:CompactedMorula_3_C18","cMor_CS2",1
"ERR2851788Aligned.sortedByCoord.out.bam","E-MTAB-7078:CompactedMorula_3_C19","cMor_CS2",1
"ERR2851789Aligned.sortedByCoord.out.bam","E-MTAB-7078:CompactedMorula_3_C20","cMor_CS2",1
"ERR2851790Aligned.sortedByCoord.out.bam","E-MTAB-7078:CompactedMorula_3_C21","cMor_CS2",1
"ERR2851791Aligned.sortedByCoord.out.bam","E-MTAB-7078:EarlyICM_1_C1","ICM_CS3",1
"ERR2851792Aligned.sortedByCoord.out.bam","E-MTAB-7078:EarlyICM_1_C5","ICM_CS3",1
"ERR2851793Aligned.sortedByCoord.out.bam","E-MTAB-7078:EarlyICM_1_C6","ICM_CS3",1
"ERR2851794Aligned.sortedByCoord.out.bam","E-MTAB-7078:EarlyICM_1_C7","ICM_CS3",1
"ERR2851795Aligned.sortedByCoord.out.bam","E-MTAB-7078:EarlyICM_1_C8","ICM_CS3",1
"ERR2851796Aligned.sortedByCoord.out.bam","E-MTAB-7078:EarlyICM_1_C9","ICM_CS3",1
"ERR2851797Aligned.sortedByCoord.out.bam","E-MTAB-7078:EarlyICM_1_C10","ICM_CS3",1
"ERR2851798Aligned.sortedByCoord.out.bam","E-MTAB-7078:EarlyICM_1_C11","ICM_CS3",1
"ERR2851799Aligned.sortedByCoord.out.bam","E-MTAB-7078:EarlyICM_1_C12","ICM_CS3",1
"ERR2851800Aligned.sortedByCoord.out.bam","E-MTAB-7078:EarlyICM_2_C1","ICM_CS3",1
"ERR2851801Aligned.sortedByCoord.out.bam","E-MTAB-7078:EarlyICM_2_C2","ICM_CS3",1
"ERR2851802Aligned.sortedByCoord.out.bam","E-MTAB-7078:EarlyICM_2_C3","ICM_CS3",1
"ERR2851803Aligned.sortedByCoord.out.bam","E-MTAB-7078:EarlyICM_2_C4","ICM_CS3",1
"ERR2851804Aligned.sortedByCoord.out.bam","E-MTAB-7078:EarlyICM_2_C5","ICM_CS3",1
"ERR2851805Aligned.sortedByCoord.out.bam","E-MTAB-7078:EarlyICM_2_C6","ICM_CS3",1
"ERR2851806Aligned.sortedByCoord.out.bam","E-MTAB-7078:EarlyICM_2_C7","ICM_CS3",1
"ERR2851807Aligned.sortedByCoord.out.bam","E-MTAB-7078:EarlyICM_2_C8","ICM_CS3",1
"ERR2851808Aligned.sortedByCoord.out.bam","E-MTAB-7078:EarlyICM_2_C10","ICM_CS3",1
"ERR2851809Aligned.sortedByCoord.out.bam","E-MTAB-7078:EarlyICM_2_C11","ICM_CS3",1
"ERR2851810Aligned.sortedByCoord.out.bam","E-MTAB-7078:EarlyICM_3_C3","ICM_CS3",1
"ERR2851811Aligned.sortedByCoord.out.bam","E-MTAB-7078:EarlyICM_3_C4","ICM_CS3",1
"ERR2851812Aligned.sortedByCoord.out.bam","E-MTAB-7078:EarlyICM_3_C5","ICM_CS3",1
"ERR2851813Aligned.sortedByCoord.out.bam","E-MTAB-7078:EarlyICM_3_C6","ICM_CS3",1
"ERR2851814Aligned.sortedByCoord.out.bam","E-MTAB-7078:EarlyICM_3_C7","ICM_CS3",1
"ERR2851815Aligned.sortedByCoord.out.bam","E-MTAB-7078:EarlyICM_3_C8","ICM_CS3",1
"ERR2851816Aligned.sortedByCoord.out.bam","E-MTAB-7078:EarlyICM_3_C9","ICM_CS3",1
"ERR2851817Aligned.sortedByCoord.out.bam","E-MTAB-7078:EarlyICM_3_C10","ICM_CS3",1
"ERR2851818Aligned.sortedByCoord.out.bam","E-MTAB-7078:EarlyICM_3_C11","ICM_CS3",1
"ERR2851819Aligned.sortedByCoord.out.bam","E-MTAB-7078:EarlyICM_3_C12","ICM_CS3",1
"ERR2851820Aligned.sortedByCoord.out.bam","E-MTAB-7078:EarlyICM_3_C13","ICM_CS3",1
"ERR2851821Aligned.sortedByCoord.out.bam","E-MTAB-7078:EarlyICM_3_C14","ICM_CS3",1
"ERR2851822Aligned.sortedByCoord.out.bam","E-MTAB-7078:EarlyICM_3_C15","ICM_CS3",1
"ERR2851823Aligned.sortedByCoord.out.bam","E-MTAB-7078:EarlyICM_3_C16","ICM_CS3",1
"ERR2851824Aligned.sortedByCoord.out.bam","E-MTAB-7078:EarlyICM_3_C17","ICM_CS3",1
"ERR2851825Aligned.sortedByCoord.out.bam","E-MTAB-7078:EarlyICM_3_C18","ICM_CS3",1
"ERR2851826Aligned.sortedByCoord.out.bam","E-MTAB-7078:EarlyICM_3_C19","ICM_CS3",1
"ERR2851827Aligned.sortedByCoord.out.bam","E-MTAB-7078:EarlyICM_3_C20","ICM_CS3",1
"ERR2851828Aligned.sortedByCoord.out.bam","E-MTAB-7078:EarlyICM_3_C21","ICM_CS3",1
"ERR2851829Aligned.sortedByCoord.out.bam","E-MTAB-7078:EarlyICM_3_C22","ICM_CS3",1
"ERR2851830Aligned.sortedByCoord.out.bam","E-MTAB-7078:EarlyICM_3_C23","ICM_CS3",1
"ERR2851831Aligned.sortedByCoord.out.bam","E-MTAB-7078:EarlyICM_3_C24","ICM_CS3",1
"ERR2851832Aligned.sortedByCoord.out.bam","E-MTAB-7078:EarlyICM_3_C25","ICM_CS3",1
"ERR2851833Aligned.sortedByCoord.out.bam","E-MTAB-7078:LateICM_2_C1","Hyp_CS3",1
"ERR2851834Aligned.sortedByCoord.out.bam","E-MTAB-7078:LateICM_2_C2","Epi_CS3",1
"ERR2851836Aligned.sortedByCoord.out.bam","E-MTAB-7078:LateICM_2_C4","Hyp_CS3",1
"ERR2851837Aligned.sortedByCoord.out.bam","E-MTAB-7078:LateICM_2_C6","Hyp_CS3",1
"ERR2851838Aligned.sortedByCoord.out.bam","E-MTAB-7078:LateICM_2_C7","Hyp_CS3",1
"ERR2851839Aligned.sortedByCoord.out.bam","E-MTAB-7078:LateICM_2_C8","Hyp_CS3",1
"ERR2851840Aligned.sortedByCoord.out.bam","E-MTAB-7078:LateICM_2_C9","Hyp_CS3",1
"ERR2851841Aligned.sortedByCoord.out.bam","E-MTAB-7078:LateICM_2_C10","Hyp_CS3",1
"ERR2851842Aligned.sortedByCoord.out.bam","E-MTAB-7078:LateICM_2_C11","Hyp_CS3",1
"ERR2851843Aligned.sortedByCoord.out.bam","E-MTAB-7078:LateICM_2_C12","Epi_CS3",1
"ERR2851844Aligned.sortedByCoord.out.bam","E-MTAB-7078:LateICM_2_C13","Hyp_CS3",1
"ERR2851845Aligned.sortedByCoord.out.bam","E-MTAB-7078:LateICM_2_C14","Hyp_CS3",1
"ERR2851846Aligned.sortedByCoord.out.bam","E-MTAB-7078:LateICM_2_C15","Hyp_CS3",1
"ERR2851847Aligned.sortedByCoord.out.bam","E-MTAB-7078:LateICM_2_C16","Epi_CS3",1
"ERR2851848Aligned.sortedByCoord.out.bam","E-MTAB-7078:LateICM_2_C17","Hyp_CS3",1
"ERR2851849Aligned.sortedByCoord.out.bam","E-MTAB-7078:LateICM_2_C18","Epi_CS3",1
"ERR2851850Aligned.sortedByCoord.out.bam","E-MTAB-7078:LateICM_2_C19","Epi_CS3",1
"ERR2851851Aligned.sortedByCoord.out.bam","E-MTAB-7078:LateICM_2_C20","Hyp_CS3",1
"ERR2851852Aligned.sortedByCoord.out.bam","E-MTAB-7078:LateICM_2_C21","Hyp_CS3",1
"ERR2851853Aligned.sortedByCoord.out.bam","E-MTAB-7078:LateICM_2_C22","Epi_CS3",1
"ERR2851854Aligned.sortedByCoord.out.bam","E-MTAB-7078:LateICM_2_C23","Epi_CS3",1
"ERR2851855Aligned.sortedByCoord.out.bam","E-MTAB-7078:LateICM_2_C24","Hyp_CS3",1
"ERR2851856Aligned.sortedByCoord.out.bam","E-MTAB-7078:LateICM_2_C25","Hyp_CS3",1
"ERR2851857Aligned.sortedByCoord.out.bam","E-MTAB-7078:LateICM_2_C26","Hyp_CS3",1
"ERR2851858Aligned.sortedByCoord.out.bam","E-MTAB-7078:LateICM_2_C27","Hyp_CS3",1
"ERR2851859Aligned.sortedByCoord.out.bam","E-MTAB-7078:LateICM_2_C28","Epi_CS3",1
"ERR2851860Aligned.sortedByCoord.out.bam","E-MTAB-7078:LateICM_2_C29","Hyp_CS3",1
"ERR2851861Aligned.sortedByCoord.out.bam","E-MTAB-7078:LateICM_2_C30","Epi_CS3",1
"ERR2851862Aligned.sortedByCoord.out.bam","E-MTAB-7078:LateICM_2_C31","Hyp_CS3",1
"ERR2851863Aligned.sortedByCoord.out.bam","E-MTAB-7078:LateICM_2_C32","Epi_CS3",1
"ERR2851864Aligned.sortedByCoord.out.bam","E-MTAB-7078:LateICM_2_C33","Hyp_CS3",1
"ERR2851865Aligned.sortedByCoord.out.bam","E-MTAB-7078:LateICM_2_C34","Hyp_CS3",1
"ERR2851866Aligned.sortedByCoord.out.bam","E-MTAB-7078:LateICM_2_C35","Hyp_CS3",1
"ERR2851867Aligned.sortedByCoord.out.bam","E-MTAB-7078:LateICM_2_C36","Epi_CS3",1
"ERR2851868Aligned.sortedByCoord.out.bam","E-MTAB-7078:LateICM_2_C37","Epi_CS3",1
"ERR2851869Aligned.sortedByCoord.out.bam","E-MTAB-7078:LateICM_2_C38","Hyp_CS3",1
"ERR2851870Aligned.sortedByCoord.out.bam","E-MTAB-7078:LateICM_2_C39","Hyp_CS3",1
"ERR2851871Aligned.sortedByCoord.out.bam","E-MTAB-7078:LateICM_2_C40","Hyp_CS3",1
"ERR2851872Aligned.sortedByCoord.out.bam","E-MTAB-7078:LateICM_4_C1","Hyp_CS3",1
"ERR2851873Aligned.sortedByCoord.out.bam","E-MTAB-7078:LateICM_4_C2","Hyp_CS3",1
"ERR2851874Aligned.sortedByCoord.out.bam","E-MTAB-7078:LateICM_4_C3","Hyp_CS3",1
"ERR2851875Aligned.sortedByCoord.out.bam","E-MTAB-7078:LateICM_4_C4","Epi_CS3",1
"ERR2851876Aligned.sortedByCoord.out.bam","E-MTAB-7078:LateICM_4_C5","Hyp_CS3",1
"ERR2851877Aligned.sortedByCoord.out.bam","E-MTAB-7078:LateICM_4_C6","Epi_CS3",1
"ERR2851878Aligned.sortedByCoord.out.bam","E-MTAB-7078:LateICM_4_C7","Hyp_CS3",1
"ERR2851879Aligned.sortedByCoord.out.bam","E-MTAB-7078:LateICM_4_C8","Hyp_CS3",1
"ERR2851880Aligned.sortedByCoord.out.bam","E-MTAB-7078:LateICM_4_C9","Hyp_CS3",1
"ERR2851881Aligned.sortedByCoord.out.bam","E-MTAB-7078:LateICM_4_C10","Hyp_CS3",1
"ERR2851882Aligned.sortedByCoord.out.bam","E-MTAB-7078:LateICM_4_C11","Epi_CS3",1
"ERR2851883Aligned.sortedByCoord.out.bam","E-MTAB-7078:LateICM_4_C12","Epi_CS3",1
"ERR2851884Aligned.sortedByCoord.out.bam","E-MTAB-7078:LateICM_4_C13","Epi_CS3",1
"ERR2851885Aligned.sortedByCoord.out.bam","E-MTAB-7078:LateICM_4_C14","Epi_CS3",1
"ERR2851886Aligned.sortedByCoord.out.bam","E-MTAB-7078:LateICM_4_C15","Hyp_CS3",1
"ERR2851887Aligned.sortedByCoord.out.bam","E-MTAB-7078:LateICM_4_C16","Epi_CS3",1
"ERR2851888Aligned.sortedByCoord.out.bam","E-MTAB-7078:LateICM_4_C17","Hyp_CS3",1
"ERR2851889Aligned.sortedByCoord.out.bam","E-MTAB-7078:LateICM_4_C18","Hyp_CS3",1
"ERR2851890Aligned.sortedByCoord.out.bam","E-MTAB-7078:LateICM_4_C19","Hyp_CS3",1
"ERR2851891Aligned.sortedByCoord.out.bam","E-MTAB-7078:LateICM_4_C20","Hyp_CS3",1
"ERR2851892Aligned.sortedByCoord.out.bam","E-MTAB-7078:LateICM_4_C21","Epi_CS3",1
"ERR2851893Aligned.sortedByCoord.out.bam","E-MTAB-7078:LateICM_4_C22","Hyp_CS3",1
"ERR2851894Aligned.sortedByCoord.out.bam","E-MTAB-7078:LateICM_4_C23","Epi_CS3",1
"ERR2851895Aligned.sortedByCoord.out.bam","E-MTAB-7078:LateICM_4_C24","Hyp_CS3",1
"ERR2851896Aligned.sortedByCoord.out.bam","E-MTAB-7078:LateICM_4_C25","Epi_CS3",1
"ERR2851897Aligned.sortedByCoord.out.bam","E-MTAB-7078:LateICM_4_C26","Hyp_CS3",1
"ERR2851898Aligned.sortedByCoord.out.bam","E-MTAB-7078:LateICM_4_C27","Epi_CS3",1
"ERR2851899Aligned.sortedByCoord.out.bam","E-MTAB-7078:LateICM_4_C28","Epi_CS3",1
"ERR2851900Aligned.sortedByCoord.out.bam","E-MTAB-7078:LateICM_4_C29","Hyp_CS3",1
"ERR2851901Aligned.sortedByCoord.out.bam","E-MTAB-7078:LateICM_4_C30","Epi_CS3",1
"ERR2851902Aligned.sortedByCoord.out.bam","E-MTAB-7078:LateICM_4_C31","Hyp_CS3",1
"ERR2851903Aligned.sortedByCoord.out.bam","E-MTAB-7078:LateICM_4_C32","Epi_CS3",1
"ERR2851904Aligned.sortedByCoord.out.bam","E-MTAB-7078:LateICM_4_C33","Epi_CS3",1
"ERR2851905Aligned.sortedByCoord.out.bam","E-MTAB-7078:LateICM_4_C34","Epi_CS3",1
"ERR2851906Aligned.sortedByCoord.out.bam","E-MTAB-7078:LateICM_4_C35","Epi_CS3",1
"ERR2851907Aligned.sortedByCoord.out.bam","E-MTAB-7078:LateICM_4_C36","Hyp_CS3",1
"ERR2851908Aligned.sortedByCoord.out.bam","E-MTAB-7078:LateICM_4_C37","Epi_CS3",1
"ERR2851909Aligned.sortedByCoord.out.bam","E-MTAB-7078:LateICM_4_C38","Hyp_CS3",1
"ERR2851910Aligned.sortedByCoord.out.bam","E-MTAB-7078:LateICM_4_C39","Epi_CS3",1
"ERR2851911Aligned.sortedByCoord.out.bam","E-MTAB-7078:LateICM_4_C40","Epi_CS3",1
"X3536STDY8289195Aligned.sortedByCoord.out.bam","190215LBlaA1","Tb_CS3",1
"X3536STDY8289196Aligned.sortedByCoord.out.bam","190215LBlaA2","Tb_CS3",1
"X3536STDY8289197Aligned.sortedByCoord.out.bam","190215LBlaA3","Tb_CS3",1
"X3536STDY8289200Aligned.sortedByCoord.out.bam","190215LBlaA6","Tb_CS3",1
"X3536STDY8289201Aligned.sortedByCoord.out.bam","190215LBlaA7","Tb_CS3",1
"X3536STDY8289202Aligned.sortedByCoord.out.bam","190215LBlaA8","Tb_CS3",1
"X3536STDY8289206Aligned.sortedByCoord.out.bam","190215LBlaB4","Tb_CS3",1
"X3536STDY8289212Aligned.sortedByCoord.out.bam","190215LBlaC2","Tb_CS3",1
"X3536STDY8289213Aligned.sortedByCoord.out.bam","190215LBlaC3","Tb_CS3",1
"X3536STDY8289214Aligned.sortedByCoord.out.bam","190215LBlaC4","Tb_CS3",1
"X3536STDY8289215Aligned.sortedByCoord.out.bam","190215LBlaC5","Tb_CS3",1
"X3536STDY8289216Aligned.sortedByCoord.out.bam","190215LBlaC6","Tb_CS3",1
"X3536STDY8289221Aligned.sortedByCoord.out.bam","190215LBlaD3","Tb_CS3",1
"X3536STDY8289223Aligned.sortedByCoord.out.bam","190215LBlaD5","Tb_CS3",1
"X3536STDY8289224Aligned.sortedByCoord.out.bam","190215LBlaD6","Tb_CS3",1
"X3536STDY8289225Aligned.sortedByCoord.out.bam","190215LBlaD7","Tb_CS3",1
"X3536STDY8289227Aligned.sortedByCoord.out.bam","190215LBlaE1","Tb_CS3",1
"X3536STDY8289228Aligned.sortedByCoord.out.bam","190215LBlaE2","Tb_CS3",1
"X3536STDY8289230Aligned.sortedByCoord.out.bam","190215LBlaE4","Tb_CS3",1
"X3536STDY8289231Aligned.sortedByCoord.out.bam","190215LBlaE5","Tb_CS3",1
"X3536STDY8289232Aligned.sortedByCoord.out.bam","190215LBlaE6","Tb_CS3",1
"X3536STDY8289233Aligned.sortedByCoord.out.bam","190215LBlaE7","Tb_CS3",1
"X3536STDY8289234Aligned.sortedByCoord.out.bam","190215LBlaE8","Tb_CS3",1
"X3536STDY8289235Aligned.sortedByCoord.out.bam","190215LBlaF1","Tb_CS3",1
"X3536STDY8289236Aligned.sortedByCoord.out.bam","190215LBlaF2","Tb_CS3",1
"X3536STDY8289237Aligned.sortedByCoord.out.bam","190215LBlaF3","Tb_CS3",1
"X3536STDY8289238Aligned.sortedByCoord.out.bam","190215LBlaF4","Tb_CS3",1
"X3536STDY8289240Aligned.sortedByCoord.out.bam","190215LBlaF6","Tb_CS3",1
"X3536STDY8289241Aligned.sortedByCoord.out.bam","190215LBlaF7","Tb_CS3",1
"X3536STDY8289242Aligned.sortedByCoord.out.bam","190215LBlaF8","Tb_CS3",1
"X3536STDY8289243Aligned.sortedByCoord.out.bam","190219LBlaA1","Tb_CS3",1
"X3536STDY8289244Aligned.sortedByCoord.out.bam","190219LBlaA2","Hyp_CS3",1
"X3536STDY8289245Aligned.sortedByCoord.out.bam","190219LBlaA3","Tb_CS3",1
"X3536STDY8289246Aligned.sortedByCoord.out.bam","190219LBlaA4","Tb_CS3",1
"X3536STDY8289247Aligned.sortedByCoord.out.bam","190219LBlaA5","Hyp_CS3",1
"X3536STDY8289249Aligned.sortedByCoord.out.bam","190219LBlaA7","Tb_CS3",1
"X3536STDY8289250Aligned.sortedByCoord.out.bam","190219LBlaA8","Tb_CS3",1
"X3536STDY8289251Aligned.sortedByCoord.out.bam","190219LBlaB1","Tb_CS3",1
"X3536STDY8289253Aligned.sortedByCoord.out.bam","190219LBlaB3","Tb_CS3",1
"X3536STDY8289254Aligned.sortedByCoord.out.bam","190219LBlaB4","Tb_CS3",1
"X3536STDY8289255Aligned.sortedByCoord.out.bam","190219LBlaB5","Hyp_CS3",1
"X3536STDY8289256Aligned.sortedByCoord.out.bam","190219LBlaB6","Tb_CS3",1
"X3536STDY8289257Aligned.sortedByCoord.out.bam","190219LBlaB7","Hyp_CS3",1
"X3536STDY8289258Aligned.sortedByCoord.out.bam","190219LBlaB8","Tb_CS3",1
"X3536STDY8289259Aligned.sortedByCoord.out.bam","190219LBlaC1","Tb_CS3",1
"X3536STDY8289260Aligned.sortedByCoord.out.bam","190219LBlaC2","Tb_CS3",1
"X3536STDY8289261Aligned.sortedByCoord.out.bam","190219LBlaC3","Tb_CS3",1
"X3536STDY8289262Aligned.sortedByCoord.out.bam","190219LBlaC4","Tb_CS3",1
"X3536STDY8289263Aligned.sortedByCoord.out.bam","190219LBlaC5","Tb_CS3",1
"X3536STDY8289265Aligned.sortedByCoord.out.bam","190219LBlaC7","Tb_CS3",1
"X3536STDY8289266Aligned.sortedByCoord.out.bam","190219LBlaC8","Tb_CS3",1
"X3536STDY8289267Aligned.sortedByCoord.out.bam","190219LBlaD1","Tb_CS3",1
"X3536STDY8289268Aligned.sortedByCoord.out.bam","190219LBlaD2","Tb_CS3",1
"X3536STDY8289270Aligned.sortedByCoord.out.bam","190219LBlaD4","Tb_CS3",1
"X3536STDY8289271Aligned.sortedByCoord.out.bam","190219LBlaD5","Tb_CS3",1
"X3536STDY8289272Aligned.sortedByCoord.out.bam","190219LBlaD6","Epi_CS3",1
"X3536STDY8289273Aligned.sortedByCoord.out.bam","190219LBlaD7","Epi_CS3",1
"X3536STDY8289274Aligned.sortedByCoord.out.bam","190219LBlaD8","Hyp_CS3",1
"X3536STDY8289275Aligned.sortedByCoord.out.bam","190219LBlaE1","Epi_CS3",1
"X3536STDY8289276Aligned.sortedByCoord.out.bam","190219LBlaE2","Hyp_CS3",1
"X3536STDY8289277Aligned.sortedByCoord.out.bam","190219LBlaE3","Epi_CS3",1
"X3536STDY8289278Aligned.sortedByCoord.out.bam","190219LBlaE4","Hyp_CS3",1
"X3536STDY8289279Aligned.sortedByCoord.out.bam","190219LBlaE5","Epi_CS3",1
"X3536STDY8289280Aligned.sortedByCoord.out.bam","190219LBlaE6","Epi_CS3",1
"X3536STDY8289281Aligned.sortedByCoord.out.bam","190219LBlaE7","Tb_CS3",1
"X3536STDY8289282Aligned.sortedByCoord.out.bam","190219LBlaE8","Tb_CS3",1
"X3536STDY8289283Aligned.sortedByCoord.out.bam","190219LBlaF1","Tb_CS3",1
"X3536STDY8289284Aligned.sortedByCoord.out.bam","190219LBlaF2","Tb_CS3",1
"X3536STDY8289285Aligned.sortedByCoord.out.bam","190219LBlaF3","Tb_CS3",1
"X3536STDY8289286Aligned.sortedByCoord.out.bam","190219LBlaF4","Tb_CS3",1
"X3536STDY8289287Aligned.sortedByCoord.out.bam","190219LBlaF5","Tb_CS3",1
"X3536STDY8289288Aligned.sortedByCoord.out.bam","190219LBlaF6","Tb_CS3",1
"X3536STDY8289289Aligned.sortedByCoord.out.bam","190219LBlaF7","Tb_CS3",1
"X3536STDY8612477Aligned.sortedByCoord.out.bam","E15C2_243_Y","EmDisc_CS6",1
"X3536STDY8612478Aligned.sortedByCoord.out.bam","E15C2_243_AK","ExMes_CS6",1
"X3536STDY8612479Aligned.sortedByCoord.out.bam","E15C2_255_A","Tb_CS6",1
"X3536STDY8612480Aligned.sortedByCoord.out.bam","E15C2_255_M","Am_CS6",1
"X3536STDY8612481Aligned.sortedByCoord.out.bam","E15C2_255_Y","ExMes_CS6",1
"X3536STDY8612482Aligned.sortedByCoord.out.bam","E15C2_255_AK","ExMes_CS6",1
"X3536STDY8612484Aligned.sortedByCoord.out.bam","E15C2_243_N","Am_CS6",1
"X3536STDY8612485Aligned.sortedByCoord.out.bam","E15C2_243_Z","EmDisc_CS6",1
"X3536STDY8612487Aligned.sortedByCoord.out.bam","E15C2_255_B","Tb_CS6",1
"X3536STDY8612489Aligned.sortedByCoord.out.bam","E15C2_255_Z","Am_CS6",1
"X3536STDY8612490Aligned.sortedByCoord.out.bam","E15C2_255_AL","ExMes_CS6",1
"X3536STDY8612491Aligned.sortedByCoord.out.bam","E15C2_243_C","Am_CS6",1
"X3536STDY8612492Aligned.sortedByCoord.out.bam","E15C2_243_O","PGC_CS6",1
"X3536STDY8612493Aligned.sortedByCoord.out.bam","E15C2_243_AA","EmDisc_CS6",1
"X3536STDY8612494Aligned.sortedByCoord.out.bam","E15C2_243_AM","SYS_CS6",1
"X3536STDY8612497Aligned.sortedByCoord.out.bam","E15C2_255_AA","VE_CS6",1
"X3536STDY8612498Aligned.sortedByCoord.out.bam","E15C2_255_AM","ExMes_CS6",1
"X3536STDY8612499Aligned.sortedByCoord.out.bam","E15C2_243_D","Am_CS6",1
"X3536STDY8612500Aligned.sortedByCoord.out.bam","E15C2_243_P","PGC_CS6",1
"X3536STDY8612501Aligned.sortedByCoord.out.bam","E15C2_243_AB","EmDisc_CS6",1
"X3536STDY8612502Aligned.sortedByCoord.out.bam","E15C2_243_AN","SYS_CS6",1
"X3536STDY8612503Aligned.sortedByCoord.out.bam","E15C2_255_D","Am_CS6",1
"X3536STDY8612504Aligned.sortedByCoord.out.bam","E15C2_255_P","Tb_CS6",1
"X3536STDY8612506Aligned.sortedByCoord.out.bam","E15C2_255_AN","SYS_CS6",1
"X3536STDY8612507Aligned.sortedByCoord.out.bam","E15C2_243_E","Am_CS6",1
"X3536STDY8612508Aligned.sortedByCoord.out.bam","E15C2_243_Q","PGC_CS6",1
"X3536STDY8612509Aligned.sortedByCoord.out.bam","E15C2_243_AC","VE_CS6",1
"X3536STDY8612510Aligned.sortedByCoord.out.bam","E15C2_243_AO","SYS_CS6",1
"X3536STDY8612511Aligned.sortedByCoord.out.bam","E15C2_255_E","Am_CS6",1
"X3536STDY8612512Aligned.sortedByCoord.out.bam","E15C2_255_Q","Tb_CS6",1
"X3536STDY8612514Aligned.sortedByCoord.out.bam","E15C2_255_AO","SYS_CS6",1
"X3536STDY8612515Aligned.sortedByCoord.out.bam","E15C2_243_F","Am_CS6",1
"X3536STDY8612516Aligned.sortedByCoord.out.bam","E15C2_243_R","EmDisc_CS6",1
"X3536STDY8612517Aligned.sortedByCoord.out.bam","E15C2_243_AD","VE_CS6",1
"X3536STDY8612519Aligned.sortedByCoord.out.bam","E15C2_255_F","Am_CS6",1
"X3536STDY8612520Aligned.sortedByCoord.out.bam","E15C2_255_R","EmDisc_CS6",1
"X3536STDY8612522Aligned.sortedByCoord.out.bam","E15C2_255_AP","SYS_CS6",1
"X3536STDY8612524Aligned.sortedByCoord.out.bam","E15C2_243_S","EmDisc_CS6",1
"X3536STDY8612525Aligned.sortedByCoord.out.bam","E15C2_243_AE","VE_CS6",1
"X3536STDY8612528Aligned.sortedByCoord.out.bam","E15C2_255_S","EmDisc_CS6",1
"X3536STDY8612529Aligned.sortedByCoord.out.bam","E15C2_255_AE","VE_CS6",1
"X3536STDY8612530Aligned.sortedByCoord.out.bam","E15C2_255_AQ","EmDisc_CS6",1
"X3536STDY8612531Aligned.sortedByCoord.out.bam","E15C2_243_H","Am_CS6",1
"X3536STDY8612532Aligned.sortedByCoord.out.bam","E15C2_243_T","EmDisc_CS6",1
"X3536STDY8612533Aligned.sortedByCoord.out.bam","E15C2_243_AF","VE_CS6",1
"X3536STDY8612534Aligned.sortedByCoord.out.bam","E15C2_243_AR","EmDisc_CS6",1
"X3536STDY8612536Aligned.sortedByCoord.out.bam","E15C2_255_T","EmDisc_CS6",1
"X3536STDY8612537Aligned.sortedByCoord.out.bam","E15C2_255_AF","VE_CS6",1
"X3536STDY8612539Aligned.sortedByCoord.out.bam","E15C2_243_I","Am_CS6",1
"X3536STDY8612540Aligned.sortedByCoord.out.bam","E15C2_243_U","EmDisc_CS6",1
"X3536STDY8612541Aligned.sortedByCoord.out.bam","E15C2_243_AG","VE_CS6",1
"X3536STDY8612542Aligned.sortedByCoord.out.bam","E15C2_243_AS","EmDisc_CS6",1
"X3536STDY8612544Aligned.sortedByCoord.out.bam","E15C2_255_U","EmDisc_CS6",1
"X3536STDY8612548Aligned.sortedByCoord.out.bam","E15C2_243_V","EmDisc_CS6",1
"X3536STDY8612549Aligned.sortedByCoord.out.bam","E15C2_243_AH","VE_CS6",1
"X3536STDY8612550Aligned.sortedByCoord.out.bam","E15C2_243_AT","SYS_CS6",1
"X3536STDY8612551Aligned.sortedByCoord.out.bam","E15C2_255_J","Am_CS6",1
"X3536STDY8612552Aligned.sortedByCoord.out.bam","E15C2_255_V","EmDisc_CS6",1
"X3536STDY8612553Aligned.sortedByCoord.out.bam","E15C2_255_AH","SYS_CS6",1
"X3536STDY8612555Aligned.sortedByCoord.out.bam","E15C2_243_K","Am_CS6",1
"X3536STDY8612556Aligned.sortedByCoord.out.bam","E15C2_243_W","EmDisc_CS6",1
"X3536STDY8612557Aligned.sortedByCoord.out.bam","E15C2_243_AI","VE_CS6",1
"X3536STDY8612558Aligned.sortedByCoord.out.bam","E15C2_243_AU","ExMes_CS6",1
"X3536STDY8612560Aligned.sortedByCoord.out.bam","E15C2_255_W","EmDisc_CS6",1
"X3536STDY8612561Aligned.sortedByCoord.out.bam","E15C2_255_AI","ExMes_CS6",1
"X3536STDY8612563Aligned.sortedByCoord.out.bam","E15C2_243_L","Am_CS6",1
"X3536STDY8612564Aligned.sortedByCoord.out.bam","E15C2_243_X","EmDisc_CS6",1
"X3536STDY8612565Aligned.sortedByCoord.out.bam","E15C2_243_AJ","VE_CS6",1
"X3536STDY8612568Aligned.sortedByCoord.out.bam","E15C2_255_X","EmDisc_CS6",1
"X3536STDY8612569Aligned.sortedByCoord.out.bam","E15C2_255_AJ","ExMes_CS6",1
"X3536STDY8652378Aligned.sortedByCoord.out.bam","E15C2_229_A","ExMes_CS6",1
"X3536STDY8652379Aligned.sortedByCoord.out.bam","E15C2_229_M","ExMes_CS6",1
"X3536STDY8652381Aligned.sortedByCoord.out.bam","E15C2_234_O","EmDisc_CS6",1
"X3536STDY8652382Aligned.sortedByCoord.out.bam","E15C2_234_AA","ExMes_CS6",1
"X3536STDY8652383Aligned.sortedByCoord.out.bam","E15C2_234_AM","ExMes_CS6",1
"X3536STDY8652384Aligned.sortedByCoord.out.bam","E15C2_246_C","Tb_CS6",1
"X3536STDY8652385Aligned.sortedByCoord.out.bam","E15C2_246_O","EmDisc_CS6",1
"X3536STDY8652387Aligned.sortedByCoord.out.bam","E15C2_229_N","ExMes_CS6",1
"X3536STDY8652388Aligned.sortedByCoord.out.bam","E15C2_234_D","Am_CS6",1
"X3536STDY8652389Aligned.sortedByCoord.out.bam","E15C2_234_P","EmDisc_CS6",1
"X3536STDY8652390Aligned.sortedByCoord.out.bam","E15C2_234_AB","ExMes_CS6",1
"X3536STDY8652391Aligned.sortedByCoord.out.bam","E15C2_234_AN","ExMes_CS6",1
"X3536STDY8652394Aligned.sortedByCoord.out.bam","E15C2_229_C","ExMes_CS6",1
"X3536STDY8652396Aligned.sortedByCoord.out.bam","E15C2_234_E","Am_CS6",1
"X3536STDY8652397Aligned.sortedByCoord.out.bam","E15C2_234_Q","ExMes_CS6",1
"X3536STDY8652399Aligned.sortedByCoord.out.bam","E15C2_234_AO","ExMes_CS6",1
"X3536STDY8652401Aligned.sortedByCoord.out.bam","E15C2_246_Q","SYS_CS6",1
"X3536STDY8652402Aligned.sortedByCoord.out.bam","E15C2_229_D","ExMes_CS6",1
"X3536STDY8652404Aligned.sortedByCoord.out.bam","E15C2_234_F","ExMes_CS6",1
"X3536STDY8652405Aligned.sortedByCoord.out.bam","E15C2_234_R","ExMes_CS6",1
"X3536STDY8652406Aligned.sortedByCoord.out.bam","E15C2_234_AD","ExMes_CS6",1
"X3536STDY8652407Aligned.sortedByCoord.out.bam","E15C2_234_AP","Tb_CS6",1
"X3536STDY8652408Aligned.sortedByCoord.out.bam","E15C2_246_F","Am_CS6",1
"X3536STDY8652410Aligned.sortedByCoord.out.bam","E15C2_229_E","ExMes_CS6",1
"X3536STDY8652413Aligned.sortedByCoord.out.bam","E15C2_234_S","ExMes_CS6",1
"X3536STDY8652414Aligned.sortedByCoord.out.bam","E15C2_234_AE","Stalk_CS6",1
"X3536STDY8652416Aligned.sortedByCoord.out.bam","E15C2_246_G","Am_CS6",1
"X3536STDY8652417Aligned.sortedByCoord.out.bam","E15C2_246_S","ExMes_CS6",1
"X3536STDY8652418Aligned.sortedByCoord.out.bam","E15C2_229_F","ExMes_CS6",1
"X3536STDY8652420Aligned.sortedByCoord.out.bam","E15C2_234_H","Am_CS6",1
"X3536STDY8652421Aligned.sortedByCoord.out.bam","E15C2_234_T","ExMes_CS6",1
"X3536STDY8652422Aligned.sortedByCoord.out.bam","E15C2_234_AF","Stalk_CS6",1
"X3536STDY8652425Aligned.sortedByCoord.out.bam","E15C2_246_T","SYS_CS6",1
"X3536STDY8652429Aligned.sortedByCoord.out.bam","E15C2_234_U","ExMes_CS6",1
"X3536STDY8652431Aligned.sortedByCoord.out.bam","E15C2_234_AS","Tb_CS6",1
"X3536STDY8652432Aligned.sortedByCoord.out.bam","E15C2_246_I","Am_CS6",1
"X3536STDY8652433Aligned.sortedByCoord.out.bam","E15C2_246_U","SYS_CS6",1
"X3536STDY8652434Aligned.sortedByCoord.out.bam","E15C2_229_H","ExMes_CS6",1
"X3536STDY8652436Aligned.sortedByCoord.out.bam","E15C2_234_J","ExMes_CS6",1
"X3536STDY8652437Aligned.sortedByCoord.out.bam","E15C2_234_V","ExMes_CS6",1
"X3536STDY8652438Aligned.sortedByCoord.out.bam","E15C2_234_AH","ExMes_CS6",1
"X3536STDY8652439Aligned.sortedByCoord.out.bam","E15C2_234_AT","Tb_CS6",1
"X3536STDY8652440Aligned.sortedByCoord.out.bam","E15C2_246_J","Am_CS6",1
"X3536STDY8652441Aligned.sortedByCoord.out.bam","E15C2_246_V","SYS_CS6",1
"X3536STDY8652442Aligned.sortedByCoord.out.bam","E15C2_229_I","ExMes_CS6",1
"X3536STDY8652444Aligned.sortedByCoord.out.bam","E15C2_234_K","ExMes_CS6",1
"X3536STDY8652445Aligned.sortedByCoord.out.bam","E15C2_234_W","ExMes_CS6",1
"X3536STDY8652446Aligned.sortedByCoord.out.bam","E15C2_234_AI","Stalk_CS6",1
"X3536STDY8652448Aligned.sortedByCoord.out.bam","E15C2_246_K","Am_CS6",1
"X3536STDY8652449Aligned.sortedByCoord.out.bam","E15C2_246_W","VE_CS6",1
"X3536STDY8652452Aligned.sortedByCoord.out.bam","E15C2_234_L","ExMes_CS6",1
"X3536STDY8652453Aligned.sortedByCoord.out.bam","E15C2_234_X","ExMes_CS6",1
"X3536STDY8652455Aligned.sortedByCoord.out.bam","E15C2_234_AV","Tb_CS6",1
"X3536STDY8652457Aligned.sortedByCoord.out.bam","E15C2_246_X","ExMes_CS6",1
"X3536STDY8652458Aligned.sortedByCoord.out.bam","E15C2_229_K","ExMes_CS6",1
"X3536STDY8652460Aligned.sortedByCoord.out.bam","E15C2_234_M","Am_CS6",1
"X3536STDY8652461Aligned.sortedByCoord.out.bam","E15C2_234_Y","ExMes_CS6",1
"X3536STDY8652465Aligned.sortedByCoord.out.bam","E15C2_246_Y","ExMes_CS6",1
"X3536STDY8652466Aligned.sortedByCoord.out.bam","E15C2_229_L","ExMes_CS6",1
"X3536STDY8652468Aligned.sortedByCoord.out.bam","E15C2_234_N","EmDisc_CS6",1
"X3536STDY8652469Aligned.sortedByCoord.out.bam","E15C2_234_Z","ExMes_CS6",1
"X3536STDY8652470Aligned.sortedByCoord.out.bam","E15C2_234_AL","ExMes_CS6",1
"X3536STDY8652471Aligned.sortedByCoord.out.bam","E15C2_246_B","Tb_CS6",1
"X3536STDY8652474Aligned.sortedByCoord.out.bam","E15C2_246_AA","ExMes_CS6",1
"X3536STDY8652475Aligned.sortedByCoord.out.bam","E15C2_246_AM","PGC_CS6",1
"X3536STDY8652476Aligned.sortedByCoord.out.bam","E15C2_246_AY","EmDisc_CS6",1
"X3536STDY8652483Aligned.sortedByCoord.out.bam","E15C2_246_AN","PGC_CS6",1
"X3536STDY8652484Aligned.sortedByCoord.out.bam","E15C2_246_AZ","EmDisc_CS6",1
"X3536STDY8652490Aligned.sortedByCoord.out.bam","E15C2_246_AC","ExMes_CS6",1
"X3536STDY8652491Aligned.sortedByCoord.out.bam","E15C2_246_AO","ExMes_CS6",1
"X3536STDY8652492Aligned.sortedByCoord.out.bam","E15C2_246_BA","VE_CS6",1
"X3536STDY8652498Aligned.sortedByCoord.out.bam","E15C2_246_AD","ExMes_CS6",1
"X3536STDY8652499Aligned.sortedByCoord.out.bam","E15C2_246_AP","EmDisc_CS6",1
"X3536STDY8652500Aligned.sortedByCoord.out.bam","E15C2_246_BB","VE_CS6",1
"X3536STDY8652506Aligned.sortedByCoord.out.bam","E15C2_246_AE","ExMes_CS6",1
"X3536STDY8652507Aligned.sortedByCoord.out.bam","E15C2_246_AQ","ExMes_CS6",1
"X3536STDY8652514Aligned.sortedByCoord.out.bam","E15C2_246_AF","Stalk_CS6",1
"X3536STDY8652515Aligned.sortedByCoord.out.bam","E15C2_246_AR","PGC_CS6",1
"X3536STDY8652522Aligned.sortedByCoord.out.bam","E15C2_246_AG","Stalk_CS6",1
"X3536STDY8652523Aligned.sortedByCoord.out.bam","E15C2_246_AS","Am_CS6",1
"X3536STDY8652530Aligned.sortedByCoord.out.bam","E15C2_246_AH","SYS_CS6",1
"X3536STDY8652538Aligned.sortedByCoord.out.bam","E15C2_246_AI","Stalk_CS6",1
"X3536STDY8652539Aligned.sortedByCoord.out.bam","E15C2_246_AU","EmDisc_CS6",1
"X3536STDY8652546Aligned.sortedByCoord.out.bam","E15C2_246_AJ","Stalk_CS6",1
"X3536STDY8652547Aligned.sortedByCoord.out.bam","E15C2_246_AV","EmDisc_CS6",1
"X3536STDY8652554Aligned.sortedByCoord.out.bam","E15C2_246_AK","PGC_CS6",1
"X3536STDY8652555Aligned.sortedByCoord.out.bam","E15C2_246_AW","EmDisc_CS6",1
"X3536STDY8652562Aligned.sortedByCoord.out.bam","E15C2_246_AL","VE_CS6",1
"X3536STDY8652563Aligned.sortedByCoord.out.bam","E15C2_246_AX","EmDisc_CS6",1
"X3536STDY8494232Aligned.sortedByCoord.out.bam","E15C2_249_AF","SYS_CS6",1
"X3536STDY8494239Aligned.sortedByCoord.out.bam","E15C2_249_U","Am_CS6",1
"X3536STDY8494240Aligned.sortedByCoord.out.bam","E15C2_249_AG","EmDisc_CS6",1
"X3536STDY8494247Aligned.sortedByCoord.out.bam","E15C2_249_V","Am_CS6",1
"X3536STDY8494255Aligned.sortedByCoord.out.bam","E15C2_249_W","Am_CS6",1
"X3536STDY8494271Aligned.sortedByCoord.out.bam","E15C2_249_Z","EmDisc_CS6",1
"X3536STDY8494280Aligned.sortedByCoord.out.bam","E15C2_258_C","SYS_CS6",1
"X3536STDY8494288Aligned.sortedByCoord.out.bam","E15C2_258_D","SYS_CS6",1
"X3536STDY8494302Aligned.sortedByCoord.out.bam","E15C2_249_Q","EmDisc_CS6",1
"X3536STDY8494303Aligned.sortedByCoord.out.bam","E15C2_249_AD","VE_CS6",1
"X3536STDY8494310Aligned.sortedByCoord.out.bam","E15C2_249_R","EmDisc_CS6",1
"X3536STDY8494311Aligned.sortedByCoord.out.bam","E15C2_249_Y","EmDisc_CS6",1
"X3536STDY8494318Aligned.sortedByCoord.out.bam","E15C2_249_S","ExMes_CS6",1
"X3536STDY8494335Aligned.sortedByCoord.out.bam","E15C1_223_F","Tb_CS6",1
"X3536STDY8494345Aligned.sortedByCoord.out.bam","E15C2_249_G","EmDisc_CS6",1
"X3536STDY8494351Aligned.sortedByCoord.out.bam","E15C1_223_H","Tb_CS6",1
"X3536STDY8494353Aligned.sortedByCoord.out.bam","E15C2_249_H","EmDisc_CS6",1
"X3536STDY8494359Aligned.sortedByCoord.out.bam","E15C1_223_I","Tb_CS6",1
"X3536STDY8494367Aligned.sortedByCoord.out.bam","E15C1_223_J","Tb_CS6",1
"X3536STDY8494390Aligned.sortedByCoord.out.bam","E15C1_223_A","Tb_CS6",1
"X3536STDY8494391Aligned.sortedByCoord.out.bam","E15C1_223_M","Tb_CS6",1
"X3536STDY8494399Aligned.sortedByCoord.out.bam","E15C1_223_N","Tb_CS6",1
"X3536STDY8494400Aligned.sortedByCoord.out.bam","E15C2_249_B","ExMes_CS6",1
"X3536STDY8494417Aligned.sortedByCoord.out.bam","E15C2_249_P","EmDisc_CS6",1
"X3536STDY8612440Aligned.sortedByCoord.out.bam","E15C2_252_T","EmDisc_CS6",1
"X3536STDY8612441Aligned.sortedByCoord.out.bam","E15C2_252_AF","SYS_CS6",1
"X3536STDY8612442Aligned.sortedByCoord.out.bam","E15C2_252_AR","EmDisc_CS6",1
"X3536STDY8612433Aligned.sortedByCoord.out.bam","E15C2_252_AE","SYS_CS6",1
"X3536STDY8612432Aligned.sortedByCoord.out.bam","E15C2_252_S","EmDisc_CS6",1
"X3536STDY8612386Aligned.sortedByCoord.out.bam","E15C2_252_AK","SYS_CS6",1
"X3536STDY8612387Aligned.sortedByCoord.out.bam","E15C2_240_B","EmDisc_CS6",1
"X3536STDY8612384Aligned.sortedByCoord.out.bam","E15C2_252_M","EmDisc_CS6",1
"X3536STDY8612383Aligned.sortedByCoord.out.bam","E15C2_252_A","Tb_CS6",1
"X3536STDY8612385Aligned.sortedByCoord.out.bam","E15C2_252_Y","VE_CS6",1
"X3536STDY8612430Aligned.sortedByCoord.out.bam","E15C2_240_AQ","ExMes_CS6",1
"X3536STDY8612428Aligned.sortedByCoord.out.bam","E15C2_240_S","EmDisc_CS6",1
"X3536STDY8612388Aligned.sortedByCoord.out.bam","E15C2_240_N","PGC_CS6",1
"X3536STDY8612454Aligned.sortedByCoord.out.bam","E15C2_240_AT","ExMes_CS6",1
"X3536STDY8612453Aligned.sortedByCoord.out.bam","E15C2_240_AH","VE_CS6",1
"X3536STDY8612401Aligned.sortedByCoord.out.bam","E15C2_252_AA","SYS_CS6",1
"X3536STDY8612400Aligned.sortedByCoord.out.bam","E15C2_252_O","EmDisc_CS6",1
"X3536STDY8612397Aligned.sortedByCoord.out.bam","E15C2_240_AA","EmDisc_CS6",1
"X3536STDY8612396Aligned.sortedByCoord.out.bam","E15C2_240_O","EmDisc_CS6",1
"X3536STDY8612395Aligned.sortedByCoord.out.bam","E15C2_240_C","Am_CS6",1
"X3536STDY8612393Aligned.sortedByCoord.out.bam","E15C2_252_Z","VE_CS6",1
"X3536STDY8612392Aligned.sortedByCoord.out.bam","E15C2_252_N","EmDisc_CS6",1
"X3536STDY8612390Aligned.sortedByCoord.out.bam","E15C2_240_AL","Stalk_CS6",1
"X3536STDY8612382Aligned.sortedByCoord.out.bam","E15C2_240_AK","PGC_CS6",1
"X3536STDY8612381Aligned.sortedByCoord.out.bam","E15C2_240_Y","Am_CS6",1
"X3536STDY8612472Aligned.sortedByCoord.out.bam","E15C2_252_X","VE_CS6",1
"X3536STDY8612471Aligned.sortedByCoord.out.bam","E15C2_252_L","Tb_CS6",1
"X3536STDY8612469Aligned.sortedByCoord.out.bam","E15C2_240_AJ","PGC_CS6",1
"X3536STDY8612464Aligned.sortedByCoord.out.bam","E15C2_252_W","VE_CS6",1
"X3536STDY8612460Aligned.sortedByCoord.out.bam","E15C2_240_W","EmDisc_CS6",1
"X3536STDY8612461Aligned.sortedByCoord.out.bam","E15C2_240_AI","VE_CS6",1
"X3536STDY8612459Aligned.sortedByCoord.out.bam","E15C2_240_K","Am_CS6",1
"X3536STDY8612456Aligned.sortedByCoord.out.bam","E15C2_252_V","VE_CS6",1
"X3536STDY8612448Aligned.sortedByCoord.out.bam","E15C2_252_U","VE_CS6",1
"X3536STDY8612445Aligned.sortedByCoord.out.bam","E15C2_240_AG","VE_CS6",1
"X3536STDY8612436Aligned.sortedByCoord.out.bam","E15C2_240_T","EmDisc_CS6",1
"X3536STDY8612435Aligned.sortedByCoord.out.bam","E15C2_240_H","Am_CS6",1
"X3536STDY8612434Aligned.sortedByCoord.out.bam","E15C2_252_AQ","EmDisc_CS6",1
"X3536STDY8612427Aligned.sortedByCoord.out.bam","E15C2_240_G","Am_CS6",1
"X3536STDY8612425Aligned.sortedByCoord.out.bam","E15C2_252_AD","SYS_CS6",1
"X3536STDY8612424Aligned.sortedByCoord.out.bam","E15C2_252_R","EmDisc_CS6",1
"X3536STDY8612421Aligned.sortedByCoord.out.bam","E15C2_240_AD","VE_CS6",1
"X3536STDY8612420Aligned.sortedByCoord.out.bam","E15C2_240_R","EmDisc_CS6",1
"X3536STDY8612418Aligned.sortedByCoord.out.bam","E15C2_252_AO","VE_CS6",1
"X3536STDY8612417Aligned.sortedByCoord.out.bam","E15C2_252_AC","SYS_CS6",1
"X3536STDY8612416Aligned.sortedByCoord.out.bam","E15C2_252_Q","EmDisc_CS6",1
"X3536STDY8612414Aligned.sortedByCoord.out.bam","E15C2_240_AO","SYS_CS6",1
"X3536STDY8612413Aligned.sortedByCoord.out.bam","E15C2_240_AC","EmDisc_CS6",1
"X3536STDY8612411Aligned.sortedByCoord.out.bam","E15C2_240_E","Am_CS6",1
"X3536STDY8612410Aligned.sortedByCoord.out.bam","E15C2_252_AN","ExMes_CS6",1
"X3536STDY8612409Aligned.sortedByCoord.out.bam","E15C2_252_AB","SYS_CS6",1
"X3536STDY8612408Aligned.sortedByCoord.out.bam","E15C2_252_P","EmDisc_CS6",1
"X3536STDY8612405Aligned.sortedByCoord.out.bam","E15C2_240_AB","EmDisc_CS6",1
"X3536STDY8612406Aligned.sortedByCoord.out.bam","E15C2_240_AN","SYS_CS6",1
"X3536STDY8612404Aligned.sortedByCoord.out.bam","E15C2_240_P","EmDisc_CS6",1
"CME25A7619453Aligned.sortedByCoord.out.bam","E25B_48_X","Tb_CS7",1
"CME25A7619452Aligned.sortedByCoord.out.bam","E25B_48_L","SYS_CS7",1
"CME25A7619444Aligned.sortedByCoord.out.bam","E25B_48_K","SYS_CS7",1
"CME25A7619436Aligned.sortedByCoord.out.bam","E25B_48_J","SYS_CS7",1
"CME25A7619437Aligned.sortedByCoord.out.bam","E25B_48_V","SYS_CS7",1
"CME25A7619429Aligned.sortedByCoord.out.bam","E25B_48_U","SYS_CS7",1
"CME25A7619428Aligned.sortedByCoord.out.bam","E25B_48_I","SYS_CS7",1
"CME25A7619420Aligned.sortedByCoord.out.bam","E25B_48_H","SYS_CS7",1
"CME25A7619421Aligned.sortedByCoord.out.bam","E25B_48_T","SYS_CS7",1
"CME25A7619415Aligned.sortedByCoord.out.bam","E25B_59_D","SYS_CS7",1
"CME25A7619413Aligned.sortedByCoord.out.bam","E25B_48_S","SYS_CS7",1
"CME25A7619412Aligned.sortedByCoord.out.bam","E25B_48_G","SYS_CS7",1
"CME25A7619407Aligned.sortedByCoord.out.bam","E25B_59_C","SYS_CS7",1
"CME25A7619404Aligned.sortedByCoord.out.bam","E25B_48_F","SYS_CS7",1
"CME25A7619396Aligned.sortedByCoord.out.bam","E25B_48_E","SYS_CS7",1
"CME25A7619391Aligned.sortedByCoord.out.bam","E25B_59_A","SYS_CS7",1
"CME25A7619389Aligned.sortedByCoord.out.bam","E25B_48_P","Tb_CS7",1
"CME25A7619388Aligned.sortedByCoord.out.bam","E25B_48_D","SYS_CS7",1
"CME25A7619380Aligned.sortedByCoord.out.bam","E25B_48_C","SYS_CS7",1
"CME25A7619364Aligned.sortedByCoord.out.bam","E25B_48_A","SYS_CS7",1
"CME25A7587396Aligned.sortedByCoord.out.bam","E25A_161_L","EmDisc_CS7",1
"CME25A7587392Aligned.sortedByCoord.out.bam","E25A_166_AB","Tb_CS7",1
"CME25A7587394Aligned.sortedByCoord.out.bam","E25A_169_R","Tb_CS7",1
"CME25A7587393Aligned.sortedByCoord.out.bam","E25A_169_F","Am_CS7",1
"CME25A7587388Aligned.sortedByCoord.out.bam","E25A_161_K","Am_CS7",1
"CME25A7587385Aligned.sortedByCoord.out.bam","E25A_169_E","Am_CS7",1
"CME25A7587382Aligned.sortedByCoord.out.bam","E25A_166_C","SYS_CS7",1
"CME25A7587377Aligned.sortedByCoord.out.bam","E25A_169_D","Am_CS7",1
"CME25A7587375Aligned.sortedByCoord.out.bam","E25A_166_N","Am_CS7",1
"CME25A7587370Aligned.sortedByCoord.out.bam","E25A_169_O","PGC_CS7",1
"CME25A7587372Aligned.sortedByCoord.out.bam","E25A_161_I","SYS_CS7",1
"CME25A7587371Aligned.sortedByCoord.out.bam","E25A_169_AA","Tb_CS7",1
"CME25A7587362Aligned.sortedByCoord.out.bam","E25A_169_N","EmDisc_CS7",1
"CME25A7587367Aligned.sortedByCoord.out.bam","E25A_166_M","ExMes_CS7",1
"CME25A7587361Aligned.sortedByCoord.out.bam","E25A_169_B","Am_CS7",1
"CME25A7587364Aligned.sortedByCoord.out.bam","E25A_161_H","Am_CS7",1
"CME25A7587360Aligned.sortedByCoord.out.bam","E25A_166_X","Tb_CS7",1
"CME25A7587359Aligned.sortedByCoord.out.bam","E25A_166_L","ExMes_CS7",1
"CME25A7587354Aligned.sortedByCoord.out.bam","E25A_169_M","EmDisc_CS7",1
"CME25A7587352Aligned.sortedByCoord.out.bam","E25A_166_W","ExMes_CS7",1
"CME25A7587353Aligned.sortedByCoord.out.bam","E25A_169_A","Am_CS7",1
"CME25A7587357Aligned.sortedByCoord.out.bam","E25A_161_S","Tb_CS7",1
"CME25A7587346Aligned.sortedByCoord.out.bam","E25A_169_L","EmDisc_CS7",1
"CME25A7587348Aligned.sortedByCoord.out.bam","E25A_161_F","Am_CS7",1
"CME25A7587349Aligned.sortedByCoord.out.bam","E25A_161_R","Tb_CS7",1
"CME25A7587345Aligned.sortedByCoord.out.bam","E25A_166_AH","EmDisc_CS7",1
"CME25A7587347Aligned.sortedByCoord.out.bam","E25A_169_X","SYS_CS7",1
"CME25A7587343Aligned.sortedByCoord.out.bam","E25A_166_J","SYS_CS7",1
"CME25A7587341Aligned.sortedByCoord.out.bam","E25A_161_Q","Tb_CS7",1
"CME25A7587339Aligned.sortedByCoord.out.bam","E25A_169_W","SYS_CS7",1
"CME25A7587338Aligned.sortedByCoord.out.bam","E25A_169_K","EmDisc_CS7",1
"CME25A7587335Aligned.sortedByCoord.out.bam","E25A_166_I","Tb_CS7",1
"CME25A7587331Aligned.sortedByCoord.out.bam","E25A_169_V","SYS_CS7",1
"CME25A7587330Aligned.sortedByCoord.out.bam","E25A_169_J","EmDisc_CS7",1
"CME25A7587333Aligned.sortedByCoord.out.bam","E25A_161_P","Tb_CS7",1
"CME25A7587332Aligned.sortedByCoord.out.bam","E25A_161_D","Am_CS7",1
"CME25A7587323Aligned.sortedByCoord.out.bam","E25A_169_U","SYS_CS7",1
"CME25A7587324Aligned.sortedByCoord.out.bam","E25A_161_C","SYS_CS7",1
"CME25A7587325Aligned.sortedByCoord.out.bam","E25A_161_O","EmDisc_CS7",1
"CME25A7587314Aligned.sortedByCoord.out.bam","E25A_169_H","Am_CS7",1
"CME25A7587322Aligned.sortedByCoord.out.bam","E25A_169_I","EmDisc_CS7",1
"CME25A7587319Aligned.sortedByCoord.out.bam","E25A_166_G","PGC_CS7",1
"CME25A7587315Aligned.sortedByCoord.out.bam","E25A_169_T","SYS_CS7",1
"CME25A7587316Aligned.sortedByCoord.out.bam","E25A_161_B","SYS_CS7",1
"CME25A7587312Aligned.sortedByCoord.out.bam","E25A_166_R","Am_CS7",1
"CME25A7587311Aligned.sortedByCoord.out.bam","E25A_166_F","EmDisc_CS7",1
"CME25A7587308Aligned.sortedByCoord.out.bam","E25A_161_A","SYS_CS7",1
"CME25A7587300Aligned.sortedByCoord.out.bam","E25A_193_L","Am_CS7",1
"CME25A7587295Aligned.sortedByCoord.out.bam","E25A_195_M","Tb_CS7",1
"CME25A7587296Aligned.sortedByCoord.out.bam","E25A_195_Y","Tb_CS7",1
"CME25A7587288Aligned.sortedByCoord.out.bam","E25A_195_X","ExMes_CS7",1
"CME25A7587284Aligned.sortedByCoord.out.bam","E25A_193_J","Am_CS7",1
"CME25A7587287Aligned.sortedByCoord.out.bam","E25A_195_L","ExMes_CS7",1
"CME25A7587285Aligned.sortedByCoord.out.bam","E25A_193_V","Tb_CS7",1
"CME25A7587280Aligned.sortedByCoord.out.bam","E25A_195_W","ExMes_CS7",1
"CME25A7587279Aligned.sortedByCoord.out.bam","E25A_195_K","Tb_CS7",1
"CME25A7587265Aligned.sortedByCoord.out.bam","E25A_201_E","Tb_CS7",1
"CME25A7587264Aligned.sortedByCoord.out.bam","E25A_195_U","Tb_CS7",1
"CME25A7587263Aligned.sortedByCoord.out.bam","E25A_195_I","ExMes_CS7",1
"CME25A7587255Aligned.sortedByCoord.out.bam","E25A_195_H","ExMes_CS7",1
"CME25A7587257Aligned.sortedByCoord.out.bam","E25A_201_D","Am_CS7",1
"CME25A7587256Aligned.sortedByCoord.out.bam","E25A_195_T","Tb_CS7",1
"CME25A7587248Aligned.sortedByCoord.out.bam","E25A_195_S","Tb_CS7",1
"CME25A7587249Aligned.sortedByCoord.out.bam","E25A_201_C","Am_CS7",1
"CME25A7587240Aligned.sortedByCoord.out.bam","E25A_195_R","Tb_CS7",1
"CME25A7587247Aligned.sortedByCoord.out.bam","E25A_195_G","Tb_CS7",1
"CME25A7587232Aligned.sortedByCoord.out.bam","E25A_195_Q","Tb_CS7",1
"CME25A7587225Aligned.sortedByCoord.out.bam","E25A_195_AB","Tb_CS7",1
"CME25A7587224Aligned.sortedByCoord.out.bam","E25A_195_P","Tb_CS7",1
"CME25A7587222Aligned.sortedByCoord.out.bam","E25A_193_Z","Tb_CS7",1
"CME25A7587217Aligned.sortedByCoord.out.bam","E25A_195_AA","Tb_CS7",1
"CME25A7587216Aligned.sortedByCoord.out.bam","E25A_195_O","Tb_CS7",1
"CME25A7587214Aligned.sortedByCoord.out.bam","E25A_193_Y","Tb_CS7",1
"CME25A7587213Aligned.sortedByCoord.out.bam","E25A_193_M","Am_CS7",1
"SLX.16564.i715_i503.HWCLLBBXX.s_8.rAligned.sortedByCoord.out.bam","E25A_180_H","PGC_CS7",1
"SLX.16564.i715_i502.HWCLLBBXX.s_8.rAligned.sortedByCoord.out.bam","E25A_174_D","Stalk_CS7",1
"SLX.16564.i714_i510.HWCLLBBXX.s_8.rAligned.sortedByCoord.out.bam","E25A_190_G","Am_CS7",1
"SLX.16564.i714_i503.HWCLLBBXX.s_8.rAligned.sortedByCoord.out.bam","E25A_180_G","EmDisc_CS7",1
"SLX.16564.i714_i508.HWCLLBBXX.s_8.rAligned.sortedByCoord.out.bam","E25A_184_AC","Am_CS7",1
"SLX.16564.i714_i506.HWCLLBBXX.s_8.rAligned.sortedByCoord.out.bam","E25A_184_E","EmDisc_CS7",1
"SLX.16564.i714_i502.HWCLLBBXX.s_8.rAligned.sortedByCoord.out.bam","E25A_174_C","EmDisc_CS7",1
"SLX.16564.i712_i503.HWCLLBBXX.s_8.rAligned.sortedByCoord.out.bam","E25A_180_F","EmDisc_CS7",1
"SLX.16564.i712_i506.HWCLLBBXX.s_8.rAligned.sortedByCoord.out.bam","E25A_184_D","EmDisc_CS7",1
"SLX.16564.i712_i502.HWCLLBBXX.s_8.rAligned.sortedByCoord.out.bam","E25A_174_B","EmDisc_CS7",1
"SLX.16564.i712_i510.HWCLLBBXX.s_8.rAligned.sortedByCoord.out.bam","E25A_190_F","Am_CS7",1
"SLX.16564.i711_i503.HWCLLBBXX.s_8.rAligned.sortedByCoord.out.bam","E25A_180_E","EmDisc_CS7",1
"SLX.16564.i711_i506.HWCLLBBXX.s_8.rAligned.sortedByCoord.out.bam","E25A_184_C","EmDisc_CS7",1
"SLX.16564.i711_i508.HWCLLBBXX.s_8.rAligned.sortedByCoord.out.bam","E25A_184_AA","Am_CS7",1
"SLX.16564.i711_i502.HWCLLBBXX.s_8.rAligned.sortedByCoord.out.bam","E25A_174_A","EmDisc_CS7",1
"SLX.16564.i710_i510.HWCLLBBXX.s_8.rAligned.sortedByCoord.out.bam","E25A_190_D","Am_CS7",1
"SLX.16564.i710_i506.HWCLLBBXX.s_8.rAligned.sortedByCoord.out.bam","E25A_184_B","EmDisc_CS7",1
"SLX.16564.i707_i506.HWCLLBBXX.s_8.rAligned.sortedByCoord.out.bam","E25A_184_A","EmDisc_CS7",1
"SLX.16564.i707_i505.HWCLLBBXX.s_8.rAligned.sortedByCoord.out.bam","E25A_180_O","ExMes_CS7",1
"SLX.16564.i710_i502.HWCLLBBXX.s_8.rAligned.sortedByCoord.out.bam","E25A_169_AM","SYS_CS7",1
"SLX.16564.i707_i503.HWCLLBBXX.s_8.rAligned.sortedByCoord.out.bam","E25A_180_C","SYS_CS7",1
"SLX.16564.i710_i503.HWCLLBBXX.s_8.rAligned.sortedByCoord.out.bam","E25A_180_D","SYS_CS7",1
"SLX.16564.i707_i510.HWCLLBBXX.s_8.rAligned.sortedByCoord.out.bam","E25A_190_C","Am_CS7",1
"SLX.16564.i707_i508.HWCLLBBXX.s_8.rAligned.sortedByCoord.out.bam","E25A_184_Y","Am_CS7",1
"SLX.16564.i706_i511.HWCLLBBXX.s_8.rAligned.sortedByCoord.out.bam","E25A_190_N","ExMes_CS7",1
"SLX.16564.i706_i510.HWCLLBBXX.s_8.rAligned.sortedByCoord.out.bam","E25A_190_B","Am_CS7",1
"SLX.16564.i706_i508.HWCLLBBXX.s_8.rAligned.sortedByCoord.out.bam","E25A_184_X","Am_CS7",1
"SLX.16564.i706_i505.HWCLLBBXX.s_8.rAligned.sortedByCoord.out.bam","E25A_180_N","ExMes_CS7",1
"SLX.16564.i706_i503.HWCLLBBXX.s_8.rAligned.sortedByCoord.out.bam","E25A_180_B","SYS_CS7",1
"SLX.16564.i705_i503.HWCLLBBXX.s_8.rAligned.sortedByCoord.out.bam","E25A_180_A","SYS_CS7",1
"SLX.16564.i705_i502.HWCLLBBXX.s_8.rAligned.sortedByCoord.out.bam","E25A_169_AJ","Stalk_CS7",1
"SLX.16564.i704_i510.HWCLLBBXX.s_8.rAligned.sortedByCoord.out.bam","E25A_184_AH","Tb_CS7",1
"SLX.16564.i704_i505.HWCLLBBXX.s_8.rAligned.sortedByCoord.out.bam","E25A_180_L","Am_CS7",1
"SLX.16564.i703_i510.HWCLLBBXX.s_8.rAligned.sortedByCoord.out.bam","E25A_184_AG","Tb_CS7",1
"SLX.16564.i704_i502.HWCLLBBXX.s_8.rAligned.sortedByCoord.out.bam","E25A_169_AI","Am_CS7",1
"SLX.16564.i703_i505.HWCLLBBXX.s_8.rAligned.sortedByCoord.out.bam","E25A_180_K","Am_CS7",1
"SLX.16564.i701_i503.HWCLLBBXX.s_8.rAligned.sortedByCoord.out.bam","E25A_174_E","Stalk_CS7",1
"SLX.16564.i701_i502.HWCLLBBXX.s_8.rAligned.sortedByCoord.out.bam","E25A_169_AF","ExMes_CS7",1
"SLX.16564.i701_i505.HWCLLBBXX.s_8.rAligned.sortedByCoord.out.bam","E25A_180_I","Am_CS7",1
"SLX.16564.i702_i505.HWCLLBBXX.s_8.rAligned.sortedByCoord.out.bam","E25A_180_J","Am_CS7",1
"X3536STDY8652479Aligned.sortedByCoord.out.bam","E25B_59_AF","SYS_CS7",1
"X3536STDY8652485Aligned.sortedByCoord.out.bam","E25B_50_AO","SYS_CS7",1
"X3536STDY8652493Aligned.sortedByCoord.out.bam","E25B_59_J","Tb_CS7",1
"X3536STDY8652501Aligned.sortedByCoord.out.bam","E25B_59_K","Tb_CS7",1
"X3536STDY8652511Aligned.sortedByCoord.out.bam","E25B_59_AJ","Tb_CS7",1
"X3536STDY8652516Aligned.sortedByCoord.out.bam","E25B_50_AG","Tb_CS7",1
"X3536STDY8652517Aligned.sortedByCoord.out.bam","E25B_59_M","Tb_CS7",1
"X3536STDY8652518Aligned.sortedByCoord.out.bam","E25B_59_Y","SYS_CS7",1
"X3536STDY8652524Aligned.sortedByCoord.out.bam","E25B_50_AH","Tb_CS7",1
"X3536STDY8652526Aligned.sortedByCoord.out.bam","E25B_59_Z","SYS_CS7",1
"X3536STDY8652532Aligned.sortedByCoord.out.bam","E25B_50_AI","Tb_CS7",1
"X3536STDY8652534Aligned.sortedByCoord.out.bam","E25B_59_AA","SYS_CS7",1
"X3536STDY8652542Aligned.sortedByCoord.out.bam","E25B_59_AB","SYS_CS7",1
"X3536STDY8652550Aligned.sortedByCoord.out.bam","E25B_59_AC","SYS_CS7",1
"X3536STDY8652558Aligned.sortedByCoord.out.bam","E25B_59_AD","SYS_CS7",1
"X3536STDY8652559Aligned.sortedByCoord.out.bam","E25B_59_AP","Tb_CS7",1
"X3536STDY8652566Aligned.sortedByCoord.out.bam","E25B_59_AE","SYS_CS7",1
"X3536STDY8494228Aligned.sortedByCoord.out.bam","E25B_37_Y","Tb_CS7",1
"X3536STDY8494229Aligned.sortedByCoord.out.bam","E25B_50_K","SYS_CS7",1
"X3536STDY8494237Aligned.sortedByCoord.out.bam","E25B_50_L","SYS_CS7",1
"X3536STDY8494253Aligned.sortedByCoord.out.bam","E25B_50_N","Tb_CS7",1
"X3536STDY8494257Aligned.sortedByCoord.out.bam","E25A_138_F","Tb_CS7",1
"X3536STDY8494268Aligned.sortedByCoord.out.bam","E25B_50_D","SYS_CS7",1
"X3536STDY8494282Aligned.sortedByCoord.out.bam","E25B_37_H","Tb_CS7",1
"X3536STDY8494283Aligned.sortedByCoord.out.bam","E25B_37_T","Tb_CS7",1
"X3536STDY8494307Aligned.sortedByCoord.out.bam","E25B_37_W","Tb_CS7",1
"X3536STDY8494312Aligned.sortedByCoord.out.bam","E25A_138_B","Tb_CS7",1
"X3536STDY8494316Aligned.sortedByCoord.out.bam","E25B_50_J","SYS_CS7",1
"X3536STDY8494321Aligned.sortedByCoord.out.bam","E25A_138_N","Tb_CS7",1
"X3536STDY8494322Aligned.sortedByCoord.out.bam","E25D_109_A","Stalk_CS7",1
"X3536STDY8494326Aligned.sortedByCoord.out.bam","E25D_109_AW","Am_CS7",1
"X3536STDY8494330Aligned.sortedByCoord.out.bam","E25D_109_B","Stalk_CS7",1
"X3536STDY8494331Aligned.sortedByCoord.out.bam","E25D_109_N","Tb_CS7",1
"X3536STDY8494334Aligned.sortedByCoord.out.bam","E25D_109_AX","Am_CS7",1
"X3536STDY8494338Aligned.sortedByCoord.out.bam","E25D_109_C","Stalk_CS7",1
"X3536STDY8494339Aligned.sortedByCoord.out.bam","E25D_109_O","Tb_CS7",1
"X3536STDY8494340Aligned.sortedByCoord.out.bam","E25D_109_AA","Am_CS7",1
"X3536STDY8494341Aligned.sortedByCoord.out.bam","E25D_109_AM","Am_CS7",1
"X3536STDY8494346Aligned.sortedByCoord.out.bam","E25D_109_D","Stalk_CS7",1
"X3536STDY8494347Aligned.sortedByCoord.out.bam","E25D_109_P","Tb_CS7",1
"X3536STDY8494350Aligned.sortedByCoord.out.bam","E25D_109_AZ","Am_CS7",1
"X3536STDY8494354Aligned.sortedByCoord.out.bam","E25D_109_E","Stalk_CS7",1
"X3536STDY8494355Aligned.sortedByCoord.out.bam","E25D_109_Q","Tb_CS7",1
"X3536STDY8494357Aligned.sortedByCoord.out.bam","E25D_109_AO","Am_CS7",1
"X3536STDY8494358Aligned.sortedByCoord.out.bam","E25D_109_BA","Am_CS7",1
"X3536STDY8494363Aligned.sortedByCoord.out.bam","E25D_109_R","Tb_CS7",1
"X3536STDY8494371Aligned.sortedByCoord.out.bam","E25D_109_S","Am_CS7",1
"X3536STDY8494378Aligned.sortedByCoord.out.bam","E25D_109_H","Stalk_CS7",1
"X3536STDY8494379Aligned.sortedByCoord.out.bam","E25D_109_T","Am_CS7",1
"X3536STDY8494381Aligned.sortedByCoord.out.bam","E25D_109_AR","Am_CS7",1
"X3536STDY8494382Aligned.sortedByCoord.out.bam","E25D_109_BD","Am_CS7",1
"X3536STDY8494386Aligned.sortedByCoord.out.bam","E25D_109_I","Stalk_CS7",1
"X3536STDY8494389Aligned.sortedByCoord.out.bam","E25D_109_AS","Am_CS7",1
"X3536STDY8494394Aligned.sortedByCoord.out.bam","E25D_109_J","Stalk_CS7",1
"X3536STDY8494395Aligned.sortedByCoord.out.bam","E25D_109_V","Stalk_CS7",1
"X3536STDY8494397Aligned.sortedByCoord.out.bam","E25D_109_AT","Am_CS7",1
"X3536STDY8494404Aligned.sortedByCoord.out.bam","E25D_109_AI","Am_CS7",1
"X3536STDY8494410Aligned.sortedByCoord.out.bam","E25D_109_L","Stalk_CS7",1
"SLX.20304.i715_i510.H3FMJDRXY.s_2.rAligned.sortedByCoord.out.bam","E15C1_206_O","EmDisc_CS6",1
"SLX.20304.i715_i511.H3FMJDRXY.s_2.rAligned.sortedByCoord.out.bam","E15C1_206_AA","EmDisc_CS6",1
"SLX.20304.i715_i506.H3FMJDRXY.s_2.rAligned.sortedByCoord.out.bam","E25D_209_O","Am_CS7",1
"SLX.20304.i715_i502.H3FMJDRXY.s_2.rAligned.sortedByCoord.out.bam","E15B_198_L","VE_CS5",1
"SLX.20304.i715_i505.H3FMJDRXY.s_2.rAligned.sortedByCoord.out.bam","E25D_209_C","EmDisc_CS7",1
"SLX.20304.i715_i508.H3FMJDRXY.s_2.rAligned.sortedByCoord.out.bam","E15C1_206_C","ExMes_CS6",1
"SLX.20304.i714_i511.H3FMJDRXY.s_2.rAligned.sortedByCoord.out.bam","E15C1_206_Z","Am_CS6",1
"SLX.20304.i714_i502.H3FMJDRXY.s_2.rAligned.sortedByCoord.out.bam","E15B_198_K","VE_CS5",1
"SLX.20304.i714_i505.H3FMJDRXY.s_2.rAligned.sortedByCoord.out.bam","E25D_209_B","EmDisc_CS7",1
"SLX.20304.i714_i506.H3FMJDRXY.s_2.rAligned.sortedByCoord.out.bam","E25D_209_N","SYS_CS7",1
"SLX.20304.i714_i510.H3FMJDRXY.s_2.rAligned.sortedByCoord.out.bam","E15C1_206_N","EmDisc_CS6",1
"SLX.20304.i714_i503.H3FMJDRXY.s_2.rAligned.sortedByCoord.out.bam","E15B_198_W","EmDisc_CS5",1
"SLX.20304.i712_i510.H3FMJDRXY.s_2.rAligned.sortedByCoord.out.bam","E15C1_206_M","EmDisc_CS6",1
"SLX.20304.i712_i511.H3FMJDRXY.s_2.rAligned.sortedByCoord.out.bam","E15C1_206_Y","EmDisc_CS6",1
"SLX.20304.i712_i507.H3FMJDRXY.s_2.rAligned.sortedByCoord.out.bam","E25D_209_Y","ExMes_CS7",1
"SLX.20304.i712_i505.H3FMJDRXY.s_2.rAligned.sortedByCoord.out.bam","E25D_209_A","EmDisc_CS7",1
"SLX.20304.i712_i502.H3FMJDRXY.s_2.rAligned.sortedByCoord.out.bam","E15B_198_J","VE_CS5",1
"SLX.20304.i711_i506.H3FMJDRXY.s_2.rAligned.sortedByCoord.out.bam","E25D_209_L","SYS_CS7",1
"SLX.20304.i711_i507.H3FMJDRXY.s_2.rAligned.sortedByCoord.out.bam","E25D_209_X","EmDisc_CS7",1
"SLX.20304.i711_i510.H3FMJDRXY.s_2.rAligned.sortedByCoord.out.bam","E15C1_206_L","VE_CS6",1
"SLX.20304.i711_i511.H3FMJDRXY.s_2.rAligned.sortedByCoord.out.bam","E15C1_206_X","ExMes_CS6",1
"SLX.20304.i711_i505.H3FMJDRXY.s_2.rAligned.sortedByCoord.out.bam","E15B_198_AT","ExMes_CS5",1
"SLX.20304.i711_i503.H3FMJDRXY.s_2.rAligned.sortedByCoord.out.bam","E15B_198_U","EmDisc_CS5",1
"SLX.20304.i710_i507.H3FMJDRXY.s_2.rAligned.sortedByCoord.out.bam","E25D_209_W","EmDisc_CS7",1
"SLX.20304.i710_i506.H3FMJDRXY.s_2.rAligned.sortedByCoord.out.bam","E25D_209_K","Am_CS7",1
"SLX.20304.i710_i511.H3FMJDRXY.s_2.rAligned.sortedByCoord.out.bam","E15C1_206_W","EmDisc_CS6",1
"SLX.20304.i710_i502.H3FMJDRXY.s_2.rAligned.sortedByCoord.out.bam","E15B_198_H","EmDisc_CS5",1
"SLX.20304.i707_i511.H3FMJDRXY.s_2.rAligned.sortedByCoord.out.bam","E15C1_206_V","ExMes_CS6",1
"SLX.20304.i707_i502.H3FMJDRXY.s_2.rAligned.sortedByCoord.out.bam","E15B_198_G","Am_CS5_PGC",1
"SLX.20304.i707_i507.H3FMJDRXY.s_2.rAligned.sortedByCoord.out.bam","E25D_209_V","Am_CS7",1
"SLX.20304.i707_i503.H3FMJDRXY.s_2.rAligned.sortedByCoord.out.bam","E15B_198_S","EmDisc_CS5",1
"SLX.20304.i707_i505.H3FMJDRXY.s_2.rAligned.sortedByCoord.out.bam","E15B_198_AR","Tb_CS5",1
"SLX.20304.i707_i510.H3FMJDRXY.s_2.rAligned.sortedByCoord.out.bam","E15C1_206_J","Am_CS6",1
"SLX.20304.i706_i507.H3FMJDRXY.s_2.rAligned.sortedByCoord.out.bam","E25D_209_U","Am_CS7",1
"SLX.20304.i706_i502.H3FMJDRXY.s_2.rAligned.sortedByCoord.out.bam","E15B_198_F","Am_CS5_PGC",1
"SLX.20304.i706_i506.H3FMJDRXY.s_2.rAligned.sortedByCoord.out.bam","E25D_209_I","Am_CS7",1
"SLX.20304.i706_i510.H3FMJDRXY.s_2.rAligned.sortedByCoord.out.bam","E15C1_206_I","Am_CS6",1
"SLX.20304.i706_i505.H3FMJDRXY.s_2.rAligned.sortedByCoord.out.bam","E15B_198_AQ","Tb_CS5",1
"SLX.20304.i705_i503.H3FMJDRXY.s_2.rAligned.sortedByCoord.out.bam","E15B_198_Q","EmDisc_CS5",1
"SLX.20304.i705_i511.H3FMJDRXY.s_2.rAligned.sortedByCoord.out.bam","E15C1_206_T","EmDisc_CS6",1
"SLX.20304.i705_i507.H3FMJDRXY.s_2.rAligned.sortedByCoord.out.bam","E25D_209_T","ExMes_CS7",1
"SLX.20304.i705_i506.H3FMJDRXY.s_2.rAligned.sortedByCoord.out.bam","E25D_209_H","Am_CS7",1
"SLX.20304.i705_i505.H3FMJDRXY.s_2.rAligned.sortedByCoord.out.bam","E15B_198_AP","Tb_CS5",1
"SLX.20304.i705_i502.H3FMJDRXY.s_2.rAligned.sortedByCoord.out.bam","E15B_198_E","Am_CS5",1
"SLX.20304.i704_i508.H3FMJDRXY.s_2.rAligned.sortedByCoord.out.bam","E25D_209_AE","Am_CS7",1
"SLX.20304.i704_i510.H3FMJDRXY.s_2.rAligned.sortedByCoord.out.bam","E15C1_206_G","Am_CS6",1
"SLX.20304.i704_i511.H3FMJDRXY.s_2.rAligned.sortedByCoord.out.bam","E15C1_206_S","EmDisc_CS6",1
"SLX.20304.i704_i505.H3FMJDRXY.s_2.rAligned.sortedByCoord.out.bam","E15B_198_AO","SYS_CS5",1
"SLX.20304.i704_i502.H3FMJDRXY.s_2.rAligned.sortedByCoord.out.bam","E15B_198_D","VE_CS5",1
"SLX.20304.i703_i511.H3FMJDRXY.s_2.rAligned.sortedByCoord.out.bam","E15C1_206_R","EmDisc_CS6",1
"SLX.20304.i704_i503.H3FMJDRXY.s_2.rAligned.sortedByCoord.out.bam","E15B_198_P","VE_CS5",1
"SLX.20304.i703_i507.H3FMJDRXY.s_2.rAligned.sortedByCoord.out.bam","E25D_209_R","Am_CS7",1
"SLX.20304.i703_i510.H3FMJDRXY.s_2.rAligned.sortedByCoord.out.bam","E15C1_206_F","Am_CS6",1
"SLX.20304.i703_i505.H3FMJDRXY.s_2.rAligned.sortedByCoord.out.bam","E15B_198_AN","Am_CS5_PGC",1
"SLX.20304.i703_i502.H3FMJDRXY.s_2.rAligned.sortedByCoord.out.bam","E15B_198_C","VE_CS5",1
"SLX.20304.i703_i503.H3FMJDRXY.s_2.rAligned.sortedByCoord.out.bam","E15B_198_O","VE_CS5",1
"SLX.20304.i702_i511.H3FMJDRXY.s_2.rAligned.sortedByCoord.out.bam","E15C1_206_Q","EmDisc_CS6",1
"SLX.20304.i702_i507.H3FMJDRXY.s_2.rAligned.sortedByCoord.out.bam","E25D_209_Q","ExMes_CS7",1
"SLX.20304.i702_i508.H3FMJDRXY.s_2.rAligned.sortedByCoord.out.bam","E25D_209_AC","ExMes_CS7",1
"SLX.20304.i702_i510.H3FMJDRXY.s_2.rAligned.sortedByCoord.out.bam","E15C1_206_E","Am_CS6",1
"SLX.20304.i702_i503.H3FMJDRXY.s_2.rAligned.sortedByCoord.out.bam","E15B_198_N","VE_CS5",1
"SLX.20304.i701_i508.H3FMJDRXY.s_2.rAligned.sortedByCoord.out.bam","E25D_209_AB","ExMes_CS7",1
"SLX.20304.i701_i503.H3FMJDRXY.s_2.rAligned.sortedByCoord.out.bam","E15B_198_M","VE_CS5",1
"SLX.20304.i701_i511.H3FMJDRXY.s_2.rAligned.sortedByCoord.out.bam","E15C1_206_P","EmDisc_CS6",1
"SLX.20304.i701_i507.H3FMJDRXY.s_2.rAligned.sortedByCoord.out.bam","E25D_209_P","Am_CS7",1
"SLX.20306.i715_i510.H3FMGDRXY.s_2.rAligned.sortedByCoord.out.bam","E15C1_210_AV","ExMes_CS6",1
"SLX.20306.i715_i507.H3FMGDRXY.s_2.rAligned.sortedByCoord.out.bam","E15C1_210_X","EmDisc_CS6",1
"SLX.20306.i714_i511.H3FMGDRXY.s_2.rAligned.sortedByCoord.out.bam","E15C1_220_K","Am_CS6",1
"SLX.20306.i714_i508.H3FMGDRXY.s_2.rAligned.sortedByCoord.out.bam","E15C1_210_AI","ExMes_CS6",1
"SLX.20306.i714_i507.H3FMGDRXY.s_2.rAligned.sortedByCoord.out.bam","E15C1_210_W","EmDisc_CS6",1
"SLX.20306.i714_i510.H3FMGDRXY.s_2.rAligned.sortedByCoord.out.bam","E15C1_210_AU","ExMes_CS6",1
"SLX.20306.i714_i503.H3FMGDRXY.s_2.rAligned.sortedByCoord.out.bam","E15C1_198_AL","Tb_CS6",1
"SLX.20306.i712_i511.H3FMGDRXY.s_2.rAligned.sortedByCoord.out.bam","E15C1_220_J","Am_CS6",1
"SLX.20306.i712_i510.H3FMGDRXY.s_2.rAligned.sortedByCoord.out.bam","E15C1_210_AT","SYS_CS6",1
"SLX.20306.i712_i508.H3FMGDRXY.s_2.rAligned.sortedByCoord.out.bam","E15C1_210_AH","EmDisc_CS6",1
"SLX.20306.i712_i507.H3FMGDRXY.s_2.rAligned.sortedByCoord.out.bam","E15C1_210_V","EmDisc_CS6",1
"SLX.20306.i712_i506.H3FMGDRXY.s_2.rAligned.sortedByCoord.out.bam","E15C1_210_J","ExMes_CS6",1
"SLX.20306.i711_i511.H3FMGDRXY.s_2.rAligned.sortedByCoord.out.bam","E15C1_220_I","EmDisc_CS6",1
"SLX.20306.i712_i503.H3FMGDRXY.s_2.rAligned.sortedByCoord.out.bam","E15C1_198_AK","Tb_CS6",1
"SLX.20306.i711_i508.H3FMGDRXY.s_2.rAligned.sortedByCoord.out.bam","E15C1_210_AG","EmDisc_CS6",1
"SLX.20306.i711_i510.H3FMGDRXY.s_2.rAligned.sortedByCoord.out.bam","E15C1_210_AS","SYS_CS6",1
"SLX.20306.i711_i507.H3FMGDRXY.s_2.rAligned.sortedByCoord.out.bam","E15C1_210_U","Am_CS6",1
"SLX.20306.i711_i503.H3FMGDRXY.s_2.rAligned.sortedByCoord.out.bam","E15C1_198_U","Tb_CS6",1
"SLX.20306.i711_i505.H3FMGDRXY.s_2.rAligned.sortedByCoord.out.bam","E15C1_198_AV","ExMes_CS6",1
"SLX.20306.i711_i502.H3FMGDRXY.s_2.rAligned.sortedByCoord.out.bam","E15C1_198_I","Tb_CS6",1
"SLX.20306.i710_i511.H3FMGDRXY.s_2.rAligned.sortedByCoord.out.bam","E15C1_220_H","EmDisc_CS6",1
"SLX.20306.i710_i508.H3FMGDRXY.s_2.rAligned.sortedByCoord.out.bam","E15C1_210_AF","VE_CS6",1
"SLX.20306.i710_i510.H3FMGDRXY.s_2.rAligned.sortedByCoord.out.bam","E15C1_210_AR","SYS_CS6",1
"SLX.20306.i710_i507.H3FMGDRXY.s_2.rAligned.sortedByCoord.out.bam","E15C1_210_T","Am_CS6",1
"SLX.20306.i710_i506.H3FMGDRXY.s_2.rAligned.sortedByCoord.out.bam","E15C1_210_H","Am_CS6",1
"SLX.20306.i710_i505.H3FMGDRXY.s_2.rAligned.sortedByCoord.out.bam","E15C1_198_AU","ExMes_CS6",1
"SLX.20306.i707_i511.H3FMGDRXY.s_2.rAligned.sortedByCoord.out.bam","E15C1_220_G","EmDisc_CS6",1
"SLX.20306.i707_i508.H3FMGDRXY.s_2.rAligned.sortedByCoord.out.bam","E15C1_210_AE","VE_CS6",1
"SLX.20306.i707_i505.H3FMGDRXY.s_2.rAligned.sortedByCoord.out.bam","E15C1_198_AT","Tb_CS6",1
"SLX.20306.i707_i503.H3FMGDRXY.s_2.rAligned.sortedByCoord.out.bam","E15C1_198_S","EmDisc_CS6",1
"SLX.20306.i706_i511.H3FMGDRXY.s_2.rAligned.sortedByCoord.out.bam","E15C1_220_F","EmDisc_CS6",1
"SLX.20306.i706_i506.H3FMGDRXY.s_2.rAligned.sortedByCoord.out.bam","E15C1_210_F","EmDisc_CS6",1
"SLX.20306.i706_i503.H3FMGDRXY.s_2.rAligned.sortedByCoord.out.bam","E15C1_198_R","ExMes_CS6",1
"SLX.20306.i705_i508.H3FMGDRXY.s_2.rAligned.sortedByCoord.out.bam","E15C1_210_AC","EmDisc_CS6",1
"SLX.20306.i705_i506.H3FMGDRXY.s_2.rAligned.sortedByCoord.out.bam","E15C1_210_E","EmDisc_CS6",1
"SLX.20306.i704_i508.H3FMGDRXY.s_2.rAligned.sortedByCoord.out.bam","E15C1_210_AB","VE_CS6",1
"SLX.20306.i704_i510.H3FMGDRXY.s_2.rAligned.sortedByCoord.out.bam","E15C1_210_AN","SYS_CS6",1
"SLX.20306.i704_i511.H3FMGDRXY.s_2.rAligned.sortedByCoord.out.bam","E15C1_220_D","EmDisc_CS6",1
"SLX.20306.i704_i505.H3FMGDRXY.s_2.rAligned.sortedByCoord.out.bam","E15C1_198_AQ","EmDisc_CS6",1
"SLX.20306.i704_i503.H3FMGDRXY.s_2.rAligned.sortedByCoord.out.bam","E15C1_198_P","ExMes_CS6",1
"SLX.20306.i703_i511.H3FMGDRXY.s_2.rAligned.sortedByCoord.out.bam","E15C1_220_C","EmDisc_CS6",1
"SLX.20306.i703_i506.H3FMGDRXY.s_2.rAligned.sortedByCoord.out.bam","E15C1_210_C","ExMes_CS6",1
"SLX.20306.i703_i510.H3FMGDRXY.s_2.rAligned.sortedByCoord.out.bam","E15C1_210_AM","SYS_CS6",1
"SLX.20306.i703_i505.H3FMGDRXY.s_2.rAligned.sortedByCoord.out.bam","E15C1_198_AP","PGC_CS6",1
"SLX.20306.i703_i503.H3FMGDRXY.s_2.rAligned.sortedByCoord.out.bam","E15C1_198_O","ExMes_CS6",1
"SLX.20306.i702_i508.H3FMGDRXY.s_2.rAligned.sortedByCoord.out.bam","E15C1_210_Z","SYS_CS6",1
"SLX.20306.i702_i506.H3FMGDRXY.s_2.rAligned.sortedByCoord.out.bam","E15C1_210_B","Tb_CS6",1
"SLX.20306.i701_i510.H3FMGDRXY.s_2.rAligned.sortedByCoord.out.bam","E15C1_210_AK","ExMes_CS6",1
"SLX.20306.i701_i511.H3FMGDRXY.s_2.rAligned.sortedByCoord.out.bam","E15C1_220_A","Tb_CS6",1
"SLX.20306.i701_i505.H3FMGDRXY.s_2.rAligned.sortedByCoord.out.bam","E15C1_198_AN","Tb_CS6",1
"SLX.20305.i715_i511.H3FMGDRXY.s_1.rAligned.sortedByCoord.out.bam","E15C1_208_AS","EmDisc_CS6",1
"SLX.20305.i715_i503.H3FMGDRXY.s_1.rAligned.sortedByCoord.out.bam","E15C1_206_AL","VE_CS6",1
"SLX.20305.i715_i508.H3FMGDRXY.s_1.rAligned.sortedByCoord.out.bam","E15C1_208_U","Am_CS6",1
"SLX.20305.i715_i506.H3FMGDRXY.s_1.rAligned.sortedByCoord.out.bam","E15C1_206_BJ","ExMes_CS6",1
"SLX.20305.i715_i507.H3FMGDRXY.s_1.rAligned.sortedByCoord.out.bam","E15C1_208_I","EmDisc_CS6",1
"SLX.20305.i714_i511.H3FMGDRXY.s_1.rAligned.sortedByCoord.out.bam","E15C1_208_AR","ExMes_CS6",1
"SLX.20305.i714_i503.H3FMGDRXY.s_1.rAligned.sortedByCoord.out.bam","E15C1_206_AK","VE_CS6",1
"SLX.20305.i714_i507.H3FMGDRXY.s_1.rAligned.sortedByCoord.out.bam","E15C1_208_H","EmDisc_CS6",1
"SLX.20305.i714_i506.H3FMGDRXY.s_1.rAligned.sortedByCoord.out.bam","E15C1_206_BI","ExMes_CS6",1
"SLX.20305.i714_i508.H3FMGDRXY.s_1.rAligned.sortedByCoord.out.bam","E15C1_208_T","Am_CS6",1
"SLX.20305.i712_i507.H3FMGDRXY.s_1.rAligned.sortedByCoord.out.bam","E15C1_208_G","EmDisc_CS6",1
"SLX.20305.i712_i511.H3FMGDRXY.s_1.rAligned.sortedByCoord.out.bam","E15C1_208_AQ","ExMes_CS6",1
"SLX.20305.i712_i508.H3FMGDRXY.s_1.rAligned.sortedByCoord.out.bam","E15C1_208_S","ExMes_CS6",1
"SLX.20305.i712_i503.H3FMGDRXY.s_1.rAligned.sortedByCoord.out.bam","E15C1_206_AJ","VE_CS6",1
"SLX.20305.i711_i510.H3FMGDRXY.s_1.rAligned.sortedByCoord.out.bam","E15C1_208_AD","SYS_CS6",1
"SLX.20305.i711_i508.H3FMGDRXY.s_1.rAligned.sortedByCoord.out.bam","E15C1_208_R","ExMes_CS6",1
"SLX.20305.i711_i507.H3FMGDRXY.s_1.rAligned.sortedByCoord.out.bam","E15C1_208_F","EmDisc_CS6",1
"SLX.20305.i711_i506.H3FMGDRXY.s_1.rAligned.sortedByCoord.out.bam","E15C1_206_BG","ExMes_CS6",1
"SLX.20305.i710_i511.H3FMGDRXY.s_1.rAligned.sortedByCoord.out.bam","E15C1_208_AO","SYS_CS6",1
"SLX.20305.i710_i507.H3FMGDRXY.s_1.rAligned.sortedByCoord.out.bam","E15C1_208_E","EmDisc_CS6",1
"SLX.20305.i710_i505.H3FMGDRXY.s_1.rAligned.sortedByCoord.out.bam","E15C1_206_AT","SYS_CS6",1
"SLX.20305.i710_i503.H3FMGDRXY.s_1.rAligned.sortedByCoord.out.bam","E15C1_206_AH","VE_CS6",1
"SLX.20305.i707_i506.H3FMGDRXY.s_1.rAligned.sortedByCoord.out.bam","E15C1_206_BE","SYS_CS6",1
"SLX.20305.i707_i507.H3FMGDRXY.s_1.rAligned.sortedByCoord.out.bam","E15C1_208_D","PGC_CS6",1
"SLX.20305.i707_i503.H3FMGDRXY.s_1.rAligned.sortedByCoord.out.bam","E15C1_206_AG","VE_CS6",1
"SLX.20305.i706_i508.H3FMGDRXY.s_1.rAligned.sortedByCoord.out.bam","E15C1_208_O","EmDisc_CS6",1
"SLX.20305.i706_i505.H3FMGDRXY.s_1.rAligned.sortedByCoord.out.bam","E15C1_206_AR","SYS_CS6",1
"SLX.20305.i706_i503.H3FMGDRXY.s_1.rAligned.sortedByCoord.out.bam","E15C1_206_AF","VE_CS6",1
"SLX.20305.i705_i507.H3FMGDRXY.s_1.rAligned.sortedByCoord.out.bam","E15C1_208_B","Tb_CS6",1
"SLX.20305.i705_i508.H3FMGDRXY.s_1.rAligned.sortedByCoord.out.bam","E15C1_208_N","ExMes_CS6",1
"SLX.20305.i705_i502.H3FMGDRXY.s_1.rAligned.sortedByCoord.out.bam","E15B_198_AB","EmDisc_CS5",1
"SLX.20305.i705_i503.H3FMGDRXY.s_1.rAligned.sortedByCoord.out.bam","E15C1_206_AE","VE_CS6",1
"SLX.20305.i704_i510.H3FMGDRXY.s_1.rAligned.sortedByCoord.out.bam","E15C1_208_Y","VE_CS6",1
"SLX.20305.i704_i506.H3FMGDRXY.s_1.rAligned.sortedByCoord.out.bam","E15C1_206_BB","ExMes_CS6",1
"SLX.20305.i704_i507.H3FMGDRXY.s_1.rAligned.sortedByCoord.out.bam","E15C1_208_A","Tb_CS6",1
"SLX.20305.i704_i505.H3FMGDRXY.s_1.rAligned.sortedByCoord.out.bam","E15C1_206_AP","ExMes_CS6",1
"SLX.20305.i704_i502.H3FMGDRXY.s_1.rAligned.sortedByCoord.out.bam","E15B_198_AA","EmDisc_CS5",1
"SLX.20305.i703_i508.H3FMGDRXY.s_1.rAligned.sortedByCoord.out.bam","E15C1_208_L","EmDisc_CS6",1
"SLX.20305.i703_i505.H3FMGDRXY.s_1.rAligned.sortedByCoord.out.bam","E15C1_206_AO","ExMes_CS6",1
"SLX.20305.i703_i503.H3FMGDRXY.s_1.rAligned.sortedByCoord.out.bam","E15C1_206_AC","Am_CS6",1
"SLX.20305.i702_i510.H3FMGDRXY.s_1.rAligned.sortedByCoord.out.bam","E15C1_208_W","Am_CS6",1
"SLX.20305.i702_i508.H3FMGDRXY.s_1.rAligned.sortedByCoord.out.bam","E15C1_208_K","EmDisc_CS6",1
"SLX.20305.i702_i507.H3FMGDRXY.s_1.rAligned.sortedByCoord.out.bam","E15C1_206_BL","ExMes_CS6",1
"SLX.20305.i702_i503.H3FMGDRXY.s_1.rAligned.sortedByCoord.out.bam","E15C1_206_AB","EmDisc_CS6",1
"SLX.20305.i701_i508.H3FMGDRXY.s_1.rAligned.sortedByCoord.out.bam","E15C1_208_J","EmDisc_CS6",1
"SLX.20305.i701_i502.H3FMGDRXY.s_1.rAligned.sortedByCoord.out.bam","E15B_198_X","EmDisc_CS5",1
"SLX.20305.i701_i505.H3FMGDRXY.s_1.rAligned.sortedByCoord.out.bam","E15C1_206_AM","VE_CS6",1
"SLX.20329.i715_i506.H3NYWDRXY.s_2.rAligned.sortedByCoord.out.bam","E25D_220_BN","EmDisc_CS7",1
"SLX.20329.i715_i503.H3NYWDRXY.s_2.rAligned.sortedByCoord.out.bam","E25D_220_AP","EmDisc_CS7",1
"SLX.20329.i715_i502.H3NYWDRXY.s_2.rAligned.sortedByCoord.out.bam","E25D_220_AD","VE_CS7",1
"SLX.20329.i714_i510.H3NYWDRXY.s_2.rAligned.sortedByCoord.out.bam","E15C1_212_W","EmDisc_CS6",1
"SLX.20329.i714_i508.H3NYWDRXY.s_2.rAligned.sortedByCoord.out.bam","E15C1_212_K","VE_CS6",1
"SLX.20329.i714_i506.H3NYWDRXY.s_2.rAligned.sortedByCoord.out.bam","E25D_220_BM","EmDisc_CS7",1
"SLX.20329.i714_i503.H3NYWDRXY.s_2.rAligned.sortedByCoord.out.bam","E25D_220_AO","EmDisc_CS7",1
"SLX.20329.i714_i505.H3NYWDRXY.s_2.rAligned.sortedByCoord.out.bam","E25D_220_BA","VE_CS7",1
"SLX.20329.i714_i502.H3NYWDRXY.s_2.rAligned.sortedByCoord.out.bam","E25D_220_AC","VE_CS7",1
"SLX.20329.i712_i507.H3NYWDRXY.s_2.rAligned.sortedByCoord.out.bam","E25D_220_BX","SYS_CS7",1
"SLX.20329.i712_i508.H3NYWDRXY.s_2.rAligned.sortedByCoord.out.bam","E15C1_212_J","VE_CS6",1
"SLX.20329.i712_i510.H3NYWDRXY.s_2.rAligned.sortedByCoord.out.bam","E15C1_212_V","ExMes_CS6",1
"SLX.20329.i712_i506.H3NYWDRXY.s_2.rAligned.sortedByCoord.out.bam","E25D_220_BL","EmDisc_CS7",1
"SLX.20329.i712_i503.H3NYWDRXY.s_2.rAligned.sortedByCoord.out.bam","E25D_220_AN","VE_CS7",1
"SLX.20329.i711_i507.H3NYWDRXY.s_2.rAligned.sortedByCoord.out.bam","E25D_220_BW","SYS_CS7",1
"SLX.20329.i711_i511.H3NYWDRXY.s_2.rAligned.sortedByCoord.out.bam","E15C1_212_AG","ExMes_CS6",1
"SLX.20329.i711_i506.H3NYWDRXY.s_2.rAligned.sortedByCoord.out.bam","E25D_220_BK","VE_CS7",1
"SLX.20329.i711_i505.H3NYWDRXY.s_2.rAligned.sortedByCoord.out.bam","E25D_220_AY","EmDisc_CS7",1
"SLX.20329.i711_i502.H3NYWDRXY.s_2.rAligned.sortedByCoord.out.bam","E25D_220_AA","EmDisc_CS7",1
"SLX.20329.i711_i503.H3NYWDRXY.s_2.rAligned.sortedByCoord.out.bam","E25D_220_AM","VE_CS7",1
"SLX.20329.i710_i507.H3NYWDRXY.s_2.rAligned.sortedByCoord.out.bam","E25D_220_BV","SYS_CS7",1
"SLX.20329.i710_i508.H3NYWDRXY.s_2.rAligned.sortedByCoord.out.bam","E15C1_212_H","SYS_CS6",1
"SLX.20329.i710_i506.H3NYWDRXY.s_2.rAligned.sortedByCoord.out.bam","E25D_220_BJ","EmDisc_CS7",1
"SLX.20329.i707_i506.H3NYWDRXY.s_2.rAligned.sortedByCoord.out.bam","E25D_220_BI","EmDisc_CS7",1
"SLX.20329.i710_i503.H3NYWDRXY.s_2.rAligned.sortedByCoord.out.bam","E25D_220_AL","VE_CS7",1
"SLX.20329.i710_i502.H3NYWDRXY.s_2.rAligned.sortedByCoord.out.bam","E25D_220_Z","EmDisc_CS7",1
"SLX.20329.i707_i507.H3NYWDRXY.s_2.rAligned.sortedByCoord.out.bam","E25D_220_BU","SYS_CS7",1
"SLX.20329.i707_i508.H3NYWDRXY.s_2.rAligned.sortedByCoord.out.bam","E15C1_212_G","SYS_CS6",1
"SLX.20329.i707_i505.H3NYWDRXY.s_2.rAligned.sortedByCoord.out.bam","E25D_220_AW","VE_CS7",1
"SLX.20329.i707_i502.H3NYWDRXY.s_2.rAligned.sortedByCoord.out.bam","E25D_220_Y","EmDisc_CS7",1
"SLX.20329.i707_i503.H3NYWDRXY.s_2.rAligned.sortedByCoord.out.bam","E25D_220_AK","VE_CS7",1
"SLX.20329.i706_i507.H3NYWDRXY.s_2.rAligned.sortedByCoord.out.bam","E25D_220_BT","SYS_CS7",1
"SLX.20329.i706_i511.H3NYWDRXY.s_2.rAligned.sortedByCoord.out.bam","E15C1_212_AD","Am_CS6",1
"SLX.20329.i706_i510.H3NYWDRXY.s_2.rAligned.sortedByCoord.out.bam","E15C1_212_R","EmDisc_CS6",1
"SLX.20329.i706_i508.H3NYWDRXY.s_2.rAligned.sortedByCoord.out.bam","E15C1_212_F","SYS_CS6",1
"SLX.20329.i706_i505.H3NYWDRXY.s_2.rAligned.sortedByCoord.out.bam","E25D_220_AV","EmDisc_CS7",1
"SLX.20329.i705_i507.H3NYWDRXY.s_2.rAligned.sortedByCoord.out.bam","E25D_220_BS","SYS_CS7",1
"SLX.20329.i705_i510.H3NYWDRXY.s_2.rAligned.sortedByCoord.out.bam","E15C1_212_Q","EmDisc_CS6",1
"SLX.20329.i706_i502.H3NYWDRXY.s_2.rAligned.sortedByCoord.out.bam","E25D_220_X","EmDisc_CS7",1
"SLX.20329.i705_i511.H3NYWDRXY.s_2.rAligned.sortedByCoord.out.bam","E15C1_212_AC","ExMes_CS6",1
"SLX.20329.i705_i508.H3NYWDRXY.s_2.rAligned.sortedByCoord.out.bam","E15C1_212_E","SYS_CS6",1
"SLX.20329.i705_i505.H3NYWDRXY.s_2.rAligned.sortedByCoord.out.bam","E25D_220_AU","EmDisc_CS7",1
"SLX.20329.i705_i503.H3NYWDRXY.s_2.rAligned.sortedByCoord.out.bam","E25D_220_AI","VE_CS7",1
"SLX.20329.i704_i508.H3NYWDRXY.s_2.rAligned.sortedByCoord.out.bam","E15C1_212_D","ExMes_CS6",1
"SLX.20329.i705_i502.H3NYWDRXY.s_2.rAligned.sortedByCoord.out.bam","E25D_220_W","VE_CS7",1
"SLX.20329.i704_i507.H3NYWDRXY.s_2.rAligned.sortedByCoord.out.bam","E25D_220_BR","VE_CS7",1
"SLX.20329.i703_i511.H3NYWDRXY.s_2.rAligned.sortedByCoord.out.bam","E15C1_212_AA","ExMes_CS6",1
"SLX.20329.i704_i502.H3NYWDRXY.s_2.rAligned.sortedByCoord.out.bam","E25D_220_V","Am_CS7",1
"SLX.20329.i703_i508.H3NYWDRXY.s_2.rAligned.sortedByCoord.out.bam","E15C1_212_C","ExMes_CS6",1
"SLX.20329.i702_i510.H3NYWDRXY.s_2.rAligned.sortedByCoord.out.bam","E15C1_212_N","SYS_CS6",1
"SLX.20329.i703_i505.H3NYWDRXY.s_2.rAligned.sortedByCoord.out.bam","E25D_220_AS","VE_CS7",1
"SLX.20329.i703_i502.H3NYWDRXY.s_2.rAligned.sortedByCoord.out.bam","E25D_220_U","Am_CS7",1
"SLX.20329.i703_i503.H3NYWDRXY.s_2.rAligned.sortedByCoord.out.bam","E25D_220_AG","EmDisc_CS7",1
"SLX.20329.i702_i507.H3NYWDRXY.s_2.rAligned.sortedByCoord.out.bam","E25D_220_BP","EmDisc_CS7",1
"SLX.20329.i702_i505.H3NYWDRXY.s_2.rAligned.sortedByCoord.out.bam","E25D_220_AR","EmDisc_CS7",1
"SLX.20329.i702_i506.H3NYWDRXY.s_2.rAligned.sortedByCoord.out.bam","E25D_220_BD","EmDisc_CS7",1
"SLX.20329.i701_i510.H3NYWDRXY.s_2.rAligned.sortedByCoord.out.bam","E15C1_212_M","SYS_CS6",1
"SLX.20329.i701_i507.H3NYWDRXY.s_2.rAligned.sortedByCoord.out.bam","E25D_220_BO","PGC_CS7",1
"SLX.20329.i702_i502.H3NYWDRXY.s_2.rAligned.sortedByCoord.out.bam","E25D_220_T","EmDisc_CS7",1
"SLX.20329.i702_i503.H3NYWDRXY.s_2.rAligned.sortedByCoord.out.bam","E25D_220_AF","VE_CS7",1
"SLX.20329.i701_i506.H3NYWDRXY.s_2.rAligned.sortedByCoord.out.bam","E25D_220_BC","PGC_CS7",1
"SLX.20329.i701_i502.H3NYWDRXY.s_2.rAligned.sortedByCoord.out.bam","E25D_220_S","PGC_CS7",1
"SLX.20329.i701_i503.H3NYWDRXY.s_2.rAligned.sortedByCoord.out.bam","E25D_220_AE","VE_CS7",1
"SLX.20307.i701_i502.H3FT3DRXY.s_1.r_SLX.20307.i701_i502.H3MLCDRXY.s_1.r.sorted.bam","E15C2_237_A","Tb_CS6",1
"SLX.20307.i701_i505.H3FT3DRXY.s_1.r_SLX.20307.i701_i505.H3MLCDRXY.s_1.r.sorted.bam","E15C2_237_Y","EmDisc_CS6",1
"SLX.20307.i701_i506.H3FT3DRXY.s_1.r_SLX.20307.i701_i506.H3MLCDRXY.s_1.r.sorted.bam","E15C2_237_AK","ExMes_CS6",1
"SLX.20307.i701_i511.H3FT3DRXY.s_1.r_SLX.20307.i701_i511.H3MLCDRXY.s_1.r.sorted.bam","E15C1_220_AE","EmDisc_CS6",1
"SLX.20307.i702_i502.H3FT3DRXY.s_1.r_SLX.20307.i702_i502.H3MLCDRXY.s_1.r.sorted.bam","E15C2_237_B","Tb_CS6",1
"SLX.20307.i702_i503.H3FT3DRXY.s_1.r_SLX.20307.i702_i503.H3MLCDRXY.s_1.r.sorted.bam","E15C2_237_N","Am_CS6",1
"SLX.20307.i702_i506.H3FT3DRXY.s_1.r_SLX.20307.i702_i506.H3MLCDRXY.s_1.r.sorted.bam","E15C2_237_AL","ExMes_CS6",1
"SLX.20307.i702_i510.H3FT3DRXY.s_1.r_SLX.20307.i702_i510.H3MLCDRXY.s_1.r.sorted.bam","E15C1_220_T","SYS_CS6",1
"SLX.20307.i703_i505.H3FT3DRXY.s_1.r_SLX.20307.i703_i505.H3MLCDRXY.s_1.r.sorted.bam","E15C2_237_AA","PGC_CS6",1
"SLX.20307.i703_i507.H3FT3DRXY.s_1.r_SLX.20307.i703_i507.H3MLCDRXY.s_1.r.sorted.bam","E15C2_237_AY","ExMes_CS6",1
"SLX.20307.i703_i511.H3FT3DRXY.s_1.r_SLX.20307.i703_i511.H3MLCDRXY.s_1.r.sorted.bam","E15C1_220_AG","ExMes_CS6",1
"SLX.20307.i704_i502.H3FT3DRXY.s_1.r_SLX.20307.i704_i502.H3MLCDRXY.s_1.r.sorted.bam","E15C2_237_D","PGC_CS6",1
"SLX.20307.i704_i506.H3FT3DRXY.s_1.r_SLX.20307.i704_i506.H3MLCDRXY.s_1.r.sorted.bam","E15C2_237_AN","VE_CS6",1
"SLX.20307.i704_i507.H3FT3DRXY.s_1.r_SLX.20307.i704_i507.H3MLCDRXY.s_1.r.sorted.bam","E15C2_237_AZ","ExMes_CS6",1
"SLX.20307.i704_i510.H3FT3DRXY.s_1.r_SLX.20307.i704_i510.H3MLCDRXY.s_1.r.sorted.bam","E15C1_220_V","VE_CS6",1
"SLX.20307.i705_i502.H3FT3DRXY.s_1.r_SLX.20307.i705_i502.H3MLCDRXY.s_1.r.sorted.bam","E15C2_237_E","Am_CS6",1
"SLX.20307.i705_i505.H3FT3DRXY.s_1.r_SLX.20307.i705_i505.H3MLCDRXY.s_1.r.sorted.bam","E15C2_237_AC","PGC_CS6",1
"SLX.20307.i705_i507.H3FT3DRXY.s_1.r_SLX.20307.i705_i507.H3MLCDRXY.s_1.r.sorted.bam","E15C2_237_BA","ExMes_CS6",1
"SLX.20307.i705_i508.H3FT3DRXY.s_1.r_SLX.20307.i705_i508.H3MLCDRXY.s_1.r.sorted.bam","E15C2_237_BM","Tb_CS6",1
"SLX.20307.i705_i510.H3FT3DRXY.s_1.r_SLX.20307.i705_i510.H3MLCDRXY.s_1.r.sorted.bam","E15C1_220_W","VE_CS6",1
"SLX.20307.i706_i502.H3FT3DRXY.s_1.r_SLX.20307.i706_i502.H3MLCDRXY.s_1.r.sorted.bam","E15C2_237_F","PGC_CS6",1
"SLX.20307.i706_i505.H3FT3DRXY.s_1.r_SLX.20307.i706_i505.H3MLCDRXY.s_1.r.sorted.bam","E15C2_237_AD","Stalk_CS6",1
"SLX.20307.i706_i506.H3FT3DRXY.s_1.r_SLX.20307.i706_i506.H3MLCDRXY.s_1.r.sorted.bam","E15C2_237_AP","VE_CS6",1
"SLX.20307.i706_i507.H3FT3DRXY.s_1.r_SLX.20307.i706_i507.H3MLCDRXY.s_1.r.sorted.bam","E15C2_237_BB","ExMes_CS6",1
"SLX.20307.i706_i508.H3FT3DRXY.s_1.r_SLX.20307.i706_i508.H3MLCDRXY.s_1.r.sorted.bam","E15C2_237_BN","Tb_CS6",1
"SLX.20307.i706_i510.H3FT3DRXY.s_1.r_SLX.20307.i706_i510.H3MLCDRXY.s_1.r.sorted.bam","E15C1_220_X","VE_CS6",1
"SLX.20307.i707_i502.H3FT3DRXY.s_1.r_SLX.20307.i707_i502.H3MLCDRXY.s_1.r.sorted.bam","E15C2_237_G","EmDisc_CS6",1
"SLX.20307.i707_i503.H3FT3DRXY.s_1.r_SLX.20307.i707_i503.H3MLCDRXY.s_1.r.sorted.bam","E15C2_237_S","EmDisc_CS6",1
"SLX.20307.i707_i505.H3FT3DRXY.s_1.r_SLX.20307.i707_i505.H3MLCDRXY.s_1.r.sorted.bam","E15C2_237_AE","Stalk_CS6",1
"SLX.20307.i707_i506.H3FT3DRXY.s_1.r_SLX.20307.i707_i506.H3MLCDRXY.s_1.r.sorted.bam","E15C2_237_AQ","ExMes_CS6",1
"SLX.20307.i707_i507.H3FT3DRXY.s_1.r_SLX.20307.i707_i507.H3MLCDRXY.s_1.r.sorted.bam","E15C2_237_BC","ExMes_CS6",1
"SLX.20307.i707_i508.H3FT3DRXY.s_1.r_SLX.20307.i707_i508.H3MLCDRXY.s_1.r.sorted.bam","E15C1_220_M","Am_CS6",1
"SLX.20307.i710_i503.H3FT3DRXY.s_1.r_SLX.20307.i710_i503.H3MLCDRXY.s_1.r.sorted.bam","E15C2_237_T","EmDisc_CS6",1
"SLX.20307.i710_i505.H3FT3DRXY.s_1.r_SLX.20307.i710_i505.H3MLCDRXY.s_1.r.sorted.bam","E15C2_237_AF","Stalk_CS6",1
"SLX.20307.i710_i507.H3FT3DRXY.s_1.r_SLX.20307.i710_i507.H3MLCDRXY.s_1.r.sorted.bam","E15C2_237_BD","ExMes_CS6",1
"SLX.20307.i710_i508.H3FT3DRXY.s_1.r_SLX.20307.i710_i508.H3MLCDRXY.s_1.r.sorted.bam","E15C1_220_N","Am_CS6",1
"SLX.20307.i710_i510.H3FT3DRXY.s_1.r_SLX.20307.i710_i510.H3MLCDRXY.s_1.r.sorted.bam","E15C1_220_Z","VE_CS6",1
"SLX.20307.i711_i503.H3FT3DRXY.s_1.r_SLX.20307.i711_i503.H3MLCDRXY.s_1.r.sorted.bam","E15C2_237_U","EmDisc_CS6",1
"SLX.20307.i711_i505.H3FT3DRXY.s_1.r_SLX.20307.i711_i505.H3MLCDRXY.s_1.r.sorted.bam","E15C2_237_AG","ExMes_CS6",1
"SLX.20307.i711_i507.H3FT3DRXY.s_1.r_SLX.20307.i711_i507.H3MLCDRXY.s_1.r.sorted.bam","E15C2_237_BE","ExMes_CS6",1
"SLX.20307.i711_i508.H3FT3DRXY.s_1.r_SLX.20307.i711_i508.H3MLCDRXY.s_1.r.sorted.bam","E15C1_220_O","Am_CS6",1
"SLX.20307.i712_i503.H3FT3DRXY.s_1.r_SLX.20307.i712_i503.H3MLCDRXY.s_1.r.sorted.bam","E15C2_237_V","EmDisc_CS6",1
"SLX.20307.i712_i505.H3FT3DRXY.s_1.r_SLX.20307.i712_i505.H3MLCDRXY.s_1.r.sorted.bam","E15C2_237_AH","ExMes_CS6",1
"SLX.20307.i712_i510.H3FT3DRXY.s_1.r_SLX.20307.i712_i510.H3MLCDRXY.s_1.r.sorted.bam","E15C1_220_AB","EmDisc_CS6",1
"SLX.20307.i714_i507.H3FT3DRXY.s_1.r_SLX.20307.i714_i507.H3MLCDRXY.s_1.r.sorted.bam","E15C2_237_BG","ExMes_CS6",1
"SLX.20307.i714_i510.H3FT3DRXY.s_1.r_SLX.20307.i714_i510.H3MLCDRXY.s_1.r.sorted.bam","E15C1_220_AC","Am_CS6",1
"SLX.20307.i715_i503.H3FT3DRXY.s_1.r_SLX.20307.i715_i503.H3MLCDRXY.s_1.r.sorted.bam","E15C2_237_X","EmDisc_CS6",1
"SLX.20307.i715_i505.H3FT3DRXY.s_1.r_SLX.20307.i715_i505.H3MLCDRXY.s_1.r.sorted.bam","E15C2_237_AJ","ExMes_CS6",1
"SLX.20307.i715_i507.H3FT3DRXY.s_1.r_SLX.20307.i715_i507.H3MLCDRXY.s_1.r.sorted.bam","E15C2_237_BH","ExMes_CS6",1
"SLX.20307.i715_i508.H3FT3DRXY.s_1.r_SLX.20307.i715_i508.H3MLCDRXY.s_1.r.sorted.bam","E15C1_220_R","Stalk_CS6",1
"SLX.20307.i715_i510.H3FT3DRXY.s_1.r_SLX.20307.i715_i510.H3MLCDRXY.s_1.r.sorted.bam","E15C1_220_AD","EmDisc_CS6",1
"SLX.20307.i715_i511.H3FT3DRXY.s_1.r_SLX.20307.i715_i511.H3MLCDRXY.s_1.r.sorted.bam","E15C1_220_AP","SYS_CS6",1
"SLX.20308.i701_i502.H3FT3DRXY.s_2.r_SLX.20308.i701_i502.H3MLCDRXY.s_2.r.sorted.bam","E25D_219_A","Tb_CS7",1
"SLX.20308.i701_i503.H3FT3DRXY.s_2.r_SLX.20308.i701_i503.H3MLCDRXY.s_2.r.sorted.bam","E25D_219_M","EmDisc_CS7",1
"SLX.20308.i701_i505.H3FT3DRXY.s_2.r_SLX.20308.i701_i505.H3MLCDRXY.s_2.r.sorted.bam","E25D_219_Y","VE_CS7",1
"SLX.20308.i701_i506.H3FT3DRXY.s_2.r_SLX.20308.i701_i506.H3MLCDRXY.s_2.r.sorted.bam","E25D_219_AK","EmDisc_CS7",1
"SLX.20308.i701_i507.H3FT3DRXY.s_2.r_SLX.20308.i701_i507.H3MLCDRXY.s_2.r.sorted.bam","E25D_219_AW","EmDisc_CS7",1
"SLX.20308.i701_i508.H3FT3DRXY.s_2.r_SLX.20308.i701_i508.H3MLCDRXY.s_2.r.sorted.bam","E25D_219_BI","Am_CS7",1
"SLX.20308.i701_i511.H3FT3DRXY.s_2.r_SLX.20308.i701_i511.H3MLCDRXY.s_2.r.sorted.bam","E25D_220_G","Stalk_CS7",1
"SLX.20308.i702_i502.H3FT3DRXY.s_2.r_SLX.20308.i702_i502.H3MLCDRXY.s_2.r.sorted.bam","E25D_219_B","Tb_CS7",1
"SLX.20308.i702_i503.H3FT3DRXY.s_2.r_SLX.20308.i702_i503.H3MLCDRXY.s_2.r.sorted.bam","E25D_219_N","EmDisc_CS7",1
"SLX.20308.i702_i505.H3FT3DRXY.s_2.r_SLX.20308.i702_i505.H3MLCDRXY.s_2.r.sorted.bam","E25D_219_Z","VE_CS7",1
"SLX.20308.i702_i506.H3FT3DRXY.s_2.r_SLX.20308.i702_i506.H3MLCDRXY.s_2.r.sorted.bam","E25D_219_AL","EmDisc_CS7",1
"SLX.20308.i702_i507.H3FT3DRXY.s_2.r_SLX.20308.i702_i507.H3MLCDRXY.s_2.r.sorted.bam","E25D_219_AX","EmDisc_CS7",1
"SLX.20308.i702_i511.H3FT3DRXY.s_2.r_SLX.20308.i702_i511.H3MLCDRXY.s_2.r.sorted.bam","E25D_220_H","PGC_CS7",1
"SLX.20308.i703_i502.H3FT3DRXY.s_2.r_SLX.20308.i703_i502.H3MLCDRXY.s_2.r.sorted.bam","E25D_219_C","PGC_CS7",1
"SLX.20308.i703_i503.H3FT3DRXY.s_2.r_SLX.20308.i703_i503.H3MLCDRXY.s_2.r.sorted.bam","E25D_219_O","EmDisc_CS7",1
"SLX.20308.i703_i505.H3FT3DRXY.s_2.r_SLX.20308.i703_i505.H3MLCDRXY.s_2.r.sorted.bam","E25D_219_AA","SYS_CS7",1
"SLX.20308.i703_i506.H3FT3DRXY.s_2.r_SLX.20308.i703_i506.H3MLCDRXY.s_2.r.sorted.bam","E25D_219_AM","EmDisc_CS7",1
"SLX.20308.i703_i507.H3FT3DRXY.s_2.r_SLX.20308.i703_i507.H3MLCDRXY.s_2.r.sorted.bam","E25D_219_AY","EmDisc_CS7",1
"SLX.20308.i703_i508.H3FT3DRXY.s_2.r_SLX.20308.i703_i508.H3MLCDRXY.s_2.r.sorted.bam","E25D_219_BK","Am_CS7",1
"SLX.20308.i703_i511.H3FT3DRXY.s_2.r_SLX.20308.i703_i511.H3MLCDRXY.s_2.r.sorted.bam","E25D_220_I","Stalk_CS7",1
"SLX.20308.i704_i502.H3FT3DRXY.s_2.r_SLX.20308.i704_i502.H3MLCDRXY.s_2.r.sorted.bam","E25D_219_D","Stalk_CS7",1
"SLX.20308.i704_i503.H3FT3DRXY.s_2.r_SLX.20308.i704_i503.H3MLCDRXY.s_2.r.sorted.bam","E25D_219_P","Stalk_CS7",1
"SLX.20308.i704_i505.H3FT3DRXY.s_2.r_SLX.20308.i704_i505.H3MLCDRXY.s_2.r.sorted.bam","E25D_219_AB","SYS_CS7",1
"SLX.20308.i704_i506.H3FT3DRXY.s_2.r_SLX.20308.i704_i506.H3MLCDRXY.s_2.r.sorted.bam","E25D_219_AN","EmDisc_CS7",1
"SLX.20308.i704_i507.H3FT3DRXY.s_2.r_SLX.20308.i704_i507.H3MLCDRXY.s_2.r.sorted.bam","E25D_219_AZ","PGC_CS7",1
"SLX.20308.i704_i510.H3FT3DRXY.s_2.r_SLX.20308.i704_i510.H3MLCDRXY.s_2.r.sorted.bam","E25D_219_BX","ExMes_CS7",1
"SLX.20308.i704_i511.H3FT3DRXY.s_2.r_SLX.20308.i704_i511.H3MLCDRXY.s_2.r.sorted.bam","E25D_220_J","Stalk_CS7",1
"SLX.20308.i705_i502.H3FT3DRXY.s_2.r_SLX.20308.i705_i502.H3MLCDRXY.s_2.r.sorted.bam","E25D_219_E","Stalk_CS7",1
"SLX.20308.i705_i503.H3FT3DRXY.s_2.r_SLX.20308.i705_i503.H3MLCDRXY.s_2.r.sorted.bam","E25D_219_Q","EmDisc_CS7",1
"SLX.20308.i705_i506.H3FT3DRXY.s_2.r_SLX.20308.i705_i506.H3MLCDRXY.s_2.r.sorted.bam","E25D_219_AO","EmDisc_CS7",1
"SLX.20308.i705_i507.H3FT3DRXY.s_2.r_SLX.20308.i705_i507.H3MLCDRXY.s_2.r.sorted.bam","E25D_219_BA","Stalk_CS7",1
"SLX.20308.i705_i511.H3FT3DRXY.s_2.r_SLX.20308.i705_i511.H3MLCDRXY.s_2.r.sorted.bam","E25D_220_K","Stalk_CS7",1
"SLX.20308.i706_i502.H3FT3DRXY.s_2.r_SLX.20308.i706_i502.H3MLCDRXY.s_2.r.sorted.bam","E25D_219_F","Stalk_CS7",1
"SLX.20308.i706_i506.H3FT3DRXY.s_2.r_SLX.20308.i706_i506.H3MLCDRXY.s_2.r.sorted.bam","E25D_219_AP","EmDisc_CS7",1
"SLX.20308.i706_i507.H3FT3DRXY.s_2.r_SLX.20308.i706_i507.H3MLCDRXY.s_2.r.sorted.bam","E25D_219_BB","EmDisc_CS7",1
"SLX.20308.i706_i510.H3FT3DRXY.s_2.r_SLX.20308.i706_i510.H3MLCDRXY.s_2.r.sorted.bam","E25D_219_BZ","SYS_CS7",1
"SLX.20308.i706_i511.H3FT3DRXY.s_2.r_SLX.20308.i706_i511.H3MLCDRXY.s_2.r.sorted.bam","E25D_220_L","PGC_CS7",1
"SLX.20308.i707_i502.H3FT3DRXY.s_2.r_SLX.20308.i707_i502.H3MLCDRXY.s_2.r.sorted.bam","E25D_219_G","ExMes_CS7",1
"SLX.20308.i707_i503.H3FT3DRXY.s_2.r_SLX.20308.i707_i503.H3MLCDRXY.s_2.r.sorted.bam","E25D_219_S","VE_CS7",1
"SLX.20308.i707_i506.H3FT3DRXY.s_2.r_SLX.20308.i707_i506.H3MLCDRXY.s_2.r.sorted.bam","E25D_219_AQ","EmDisc_CS7",1
"SLX.20308.i707_i507.H3FT3DRXY.s_2.r_SLX.20308.i707_i507.H3MLCDRXY.s_2.r.sorted.bam","E25D_219_BC","PGC_CS7",1
"SLX.20308.i707_i508.H3FT3DRXY.s_2.r_SLX.20308.i707_i508.H3MLCDRXY.s_2.r.sorted.bam","E25D_219_BO","Am_CS7",1
"SLX.20308.i707_i510.H3FT3DRXY.s_2.r_SLX.20308.i707_i510.H3MLCDRXY.s_2.r.sorted.bam","E25D_220_A","Tb_CS7",1
"SLX.20308.i707_i511.H3FT3DRXY.s_2.r_SLX.20308.i707_i511.H3MLCDRXY.s_2.r.sorted.bam","E25D_220_M","EmDisc_CS7",1
"SLX.20308.i710_i502.H3FT3DRXY.s_2.r_SLX.20308.i710_i502.H3MLCDRXY.s_2.r.sorted.bam","E25D_219_H","ExMes_CS7",1
"SLX.20308.i710_i503.H3FT3DRXY.s_2.r_SLX.20308.i710_i503.H3MLCDRXY.s_2.r.sorted.bam","E25D_219_T","VE_CS7",1
"SLX.20308.i710_i506.H3FT3DRXY.s_2.r_SLX.20308.i710_i506.H3MLCDRXY.s_2.r.sorted.bam","E25D_219_AR","EmDisc_CS7",1
"SLX.20308.i710_i507.H3FT3DRXY.s_2.r_SLX.20308.i710_i507.H3MLCDRXY.s_2.r.sorted.bam","E25D_219_BD","PGC_CS7",1
"SLX.20308.i710_i508.H3FT3DRXY.s_2.r_SLX.20308.i710_i508.H3MLCDRXY.s_2.r.sorted.bam","E25D_219_BP","Am_CS7",1
"SLX.20308.i710_i511.H3FT3DRXY.s_2.r_SLX.20308.i710_i511.H3MLCDRXY.s_2.r.sorted.bam","E25D_220_N","Stalk_CS7",1
"SLX.20308.i711_i502.H3FT3DRXY.s_2.r_SLX.20308.i711_i502.H3MLCDRXY.s_2.r.sorted.bam","E25D_219_I","Stalk_CS7",1
"SLX.20308.i711_i503.H3FT3DRXY.s_2.r_SLX.20308.i711_i503.H3MLCDRXY.s_2.r.sorted.bam","E25D_219_U","VE_CS7",1
"SLX.20308.i711_i505.H3FT3DRXY.s_2.r_SLX.20308.i711_i505.H3MLCDRXY.s_2.r.sorted.bam","E25D_219_AG","SYS_CS7",1
"SLX.20308.i711_i507.H3FT3DRXY.s_2.r_SLX.20308.i711_i507.H3MLCDRXY.s_2.r.sorted.bam","E25D_219_BE","Am_CS7",1
"SLX.20308.i711_i510.H3FT3DRXY.s_2.r_SLX.20308.i711_i510.H3MLCDRXY.s_2.r.sorted.bam","E25D_220_C","EmDisc_CS7",1
"SLX.20308.i711_i511.H3FT3DRXY.s_2.r_SLX.20308.i711_i511.H3MLCDRXY.s_2.r.sorted.bam","E25D_220_O","Stalk_CS7",1
"SLX.20308.i712_i502.H3FT3DRXY.s_2.r_SLX.20308.i712_i502.H3MLCDRXY.s_2.r.sorted.bam","E25D_219_J","Stalk_CS7",1
"SLX.20308.i712_i503.H3FT3DRXY.s_2.r_SLX.20308.i712_i503.H3MLCDRXY.s_2.r.sorted.bam","E25D_219_V","VE_CS7",1
"SLX.20308.i712_i507.H3FT3DRXY.s_2.r_SLX.20308.i712_i507.H3MLCDRXY.s_2.r.sorted.bam","E25D_219_BF","PGC_CS7",1
"SLX.20308.i712_i508.H3FT3DRXY.s_2.r_SLX.20308.i712_i508.H3MLCDRXY.s_2.r.sorted.bam","E25D_219_BR","PGC_CS7",1
"SLX.20308.i712_i510.H3FT3DRXY.s_2.r_SLX.20308.i712_i510.H3MLCDRXY.s_2.r.sorted.bam","E25D_220_D","SYS_CS7",1
"SLX.20308.i712_i511.H3FT3DRXY.s_2.r_SLX.20308.i712_i511.H3MLCDRXY.s_2.r.sorted.bam","E25D_220_P","Stalk_CS7",1
"SLX.20308.i714_i502.H3FT3DRXY.s_2.r_SLX.20308.i714_i502.H3MLCDRXY.s_2.r.sorted.bam","E25D_219_K","PGC_CS7",1
"SLX.20308.i714_i503.H3FT3DRXY.s_2.r_SLX.20308.i714_i503.H3MLCDRXY.s_2.r.sorted.bam","E25D_219_W","VE_CS7",1
"SLX.20308.i714_i505.H3FT3DRXY.s_2.r_SLX.20308.i714_i505.H3MLCDRXY.s_2.r.sorted.bam","E25D_219_AI","SYS_CS7",1
"SLX.20308.i714_i507.H3FT3DRXY.s_2.r_SLX.20308.i714_i507.H3MLCDRXY.s_2.r.sorted.bam","E25D_219_BG","Stalk_CS7",1
"SLX.20308.i714_i510.H3FT3DRXY.s_2.r_SLX.20308.i714_i510.H3MLCDRXY.s_2.r.sorted.bam","E25D_220_E","Stalk_CS7",1
"SLX.20308.i714_i511.H3FT3DRXY.s_2.r_SLX.20308.i714_i511.H3MLCDRXY.s_2.r.sorted.bam","E25D_220_Q","Stalk_CS7",1
"SLX.20308.i715_i502.H3FT3DRXY.s_2.r_SLX.20308.i715_i502.H3MLCDRXY.s_2.r.sorted.bam","E25D_219_L","Stalk_CS7",1
"SLX.20308.i715_i503.H3FT3DRXY.s_2.r_SLX.20308.i715_i503.H3MLCDRXY.s_2.r.sorted.bam","E25D_219_X","VE_CS7",1
"SLX.20308.i715_i505.H3FT3DRXY.s_2.r_SLX.20308.i715_i505.H3MLCDRXY.s_2.r.sorted.bam","E25D_219_AJ","SYS_CS7",1
"SLX.20308.i715_i506.H3FT3DRXY.s_2.r_SLX.20308.i715_i506.H3MLCDRXY.s_2.r.sorted.bam","E25D_219_AV","EmDisc_CS7",1
"SLX.20308.i715_i507.H3FT3DRXY.s_2.r_SLX.20308.i715_i507.H3MLCDRXY.s_2.r.sorted.bam","E25D_219_BH","Stalk_CS7",1
"SLX.20308.i715_i510.H3FT3DRXY.s_2.r_SLX.20308.i715_i510.H3MLCDRXY.s_2.r.sorted.bam","E25D_220_F","Stalk_CS7",1
"SLX.20308.i715_i511.H3FT3DRXY.s_2.r_SLX.20308.i715_i511.H3MLCDRXY.s_2.r.sorted.bam","E25D_220_R","PGC_CS7",1
